,Fixed Acidity,Volatile Acidity,Citric Acid,Residual Sugar,Chlorides,Free Sulfur Dioxide,Total Sulfur Dioxide,Density,Ph,Sulphates,Alcohol,Quality
0,7.4 g/L,0.7 g/L,0.0 g/L,1.9 g/L,0.076 g/L,11.0 mg/L SO2,34.0 mg/L SO2,0.9978 g/cm³,pH 3.51,0.56 g/L,9.4% vol,Score: 5
1,7.8 g/L,0.88 g/L,0.0 g/L,2.6 g/L,0.098 g/L,25.0 mg/L SO2,67.0 mg/L SO2,0.9968 g/cm³,pH 3.2,0.68 g/L,9.8% vol,Score: 5
2,7.8 g/L,0.76 g/L,0.04 g/L,2.3 g/L,0.092 g/L,15.0 mg/L SO2,54.0 mg/L SO2,0.997 g/cm³,pH 3.26,0.65 g/L,9.8% vol,Score: 5
3,11.2 g/L,0.28 g/L,0.56 g/L,1.9 g/L,0.075 g/L,17.0 mg/L SO2,60.0 mg/L SO2,0.998 g/cm³,pH 3.16,0.58 g/L,9.8% vol,Score: 6
4,7.4 g/L,0.7 g/L,0.0 g/L,1.9 g/L,0.076 g/L,11.0 mg/L SO2,34.0 mg/L SO2,0.9978 g/cm³,pH 3.51,0.56 g/L,9.4% vol,Score: 5
5,7.4 g/L,0.66 g/L,0.0 g/L,1.8 g/L,0.075 g/L,13.0 mg/L SO2,40.0 mg/L SO2,0.9978 g/cm³,pH 3.51,0.56 g/L,9.4% vol,Score: 5
6,7.9 g/L,0.6 g/L,0.06 g/L,1.6 g/L,0.069 g/L,15.0 mg/L SO2,59.0 mg/L SO2,0.9964 g/cm³,pH 3.3,0.46 g/L,9.4% vol,Score: 5
7,7.3 g/L,0.65 g/L,0.0 g/L,1.2 g/L,0.065 g/L,15.0 mg/L SO2,21.0 mg/L SO2,0.9946 g/cm³,pH 3.39,0.47 g/L,10.0% vol,Score: 7
8,7.8 g/L,0.58 g/L,0.02 g/L,2.0 g/L,0.073 g/L,9.0 mg/L SO2,18.0 mg/L SO2,0.9968 g/cm³,pH 3.36,0.57 g/L,9.5% vol,Score: 7
9,7.5 g/L,0.5 g/L,0.36 g/L,6.1 g/L,0.071 g/L,17.0 mg/L SO2,102.0 mg/L SO2,0.9978 g/cm³,pH 3.35,0.8 g/L,10.5% vol,Score: 5
10,6.7 g/L,0.58 g/L,0.08 g/L,1.8 g/L,0.097 g/L,15.0 mg/L SO2,65.0 mg/L SO2,0.9959 g/cm³,pH 3.28,0.54 g/L,9.2% vol,Score: 5
11,7.5 g/L,0.5 g/L,0.36 g/L,6.1 g/L,0.071 g/L,17.0 mg/L SO2,102.0 mg/L SO2,0.9978 g/cm³,pH 3.35,0.8 g/L,10.5% vol,Score: 5
12,5.6 g/L,0.615 g/L,0.0 g/L,1.6 g/L,0.089 g/L,16.0 mg/L SO2,59.0 mg/L SO2,0.9943 g/cm³,pH 3.58,0.52 g/L,9.9% vol,Score: 5
13,7.8 g/L,0.61 g/L,0.29 g/L,1.6 g/L,0.114 g/L,9.0 mg/L SO2,29.0 mg/L SO2,0.9974 g/cm³,pH 3.26,1.56 g/L,9.1% vol,Score: 5
14,8.9 g/L,0.62 g/L,0.18 g/L,3.8 g/L,0.176 g/L,52.0 mg/L SO2,145.0 mg/L SO2,0.9986 g/cm³,pH 3.16,0.88 g/L,9.2% vol,Score: 5
15,8.9 g/L,0.62 g/L,0.19 g/L,3.9 g/L,0.17 g/L,51.0 mg/L SO2,148.0 mg/L SO2,0.9986 g/cm³,pH 3.17,0.93 g/L,9.2% vol,Score: 5
16,8.5 g/L,0.28 g/L,0.56 g/L,1.8 g/L,0.092 g/L,35.0 mg/L SO2,103.0 mg/L SO2,0.9969 g/cm³,pH 3.3,0.75 g/L,10.5% vol,Score: 7
17,8.1 g/L,0.56 g/L,0.28 g/L,1.7 g/L,0.368 g/L,16.0 mg/L SO2,56.0 mg/L SO2,0.9968 g/cm³,pH 3.11,1.28 g/L,9.3% vol,Score: 5
18,7.4 g/L,0.59 g/L,0.08 g/L,4.4 g/L,0.086 g/L,6.0 mg/L SO2,29.0 mg/L SO2,0.9974 g/cm³,pH 3.38,0.5 g/L,9.0% vol,Score: 4
19,7.9 g/L,0.32 g/L,0.51 g/L,1.8 g/L,0.341 g/L,17.0 mg/L SO2,56.0 mg/L SO2,0.9969 g/cm³,pH 3.04,1.08 g/L,9.2% vol,Score: 6
20,8.9 g/L,0.22 g/L,0.48 g/L,1.8 g/L,0.077 g/L,29.0 mg/L SO2,60.0 mg/L SO2,0.9968 g/cm³,pH 3.39,0.53 g/L,9.4% vol,Score: 6
21,7.6 g/L,0.39 g/L,0.31 g/L,2.3 g/L,0.082 g/L,23.0 mg/L SO2,71.0 mg/L SO2,0.9982 g/cm³,pH 3.52,0.65 g/L,9.7% vol,Score: 5
22,7.9 g/L,0.43 g/L,0.21 g/L,1.6 g/L,0.106 g/L,10.0 mg/L SO2,37.0 mg/L SO2,0.9966 g/cm³,pH 3.17,0.91 g/L,9.5% vol,Score: 5
23,8.5 g/L,0.49 g/L,0.11 g/L,2.3 g/L,0.084 g/L,9.0 mg/L SO2,67.0 mg/L SO2,0.9968 g/cm³,pH 3.17,0.53 g/L,9.4% vol,Score: 5
24,6.9 g/L,0.4 g/L,0.14 g/L,2.4 g/L,0.085 g/L,21.0 mg/L SO2,40.0 mg/L SO2,0.9968 g/cm³,pH 3.43,0.63 g/L,9.7% vol,Score: 6
25,6.3 g/L,0.39 g/L,0.16 g/L,1.4 g/L,0.08 g/L,11.0 mg/L SO2,23.0 mg/L SO2,0.9955 g/cm³,pH 3.34,0.56 g/L,9.3% vol,Score: 5
26,7.6 g/L,0.41 g/L,0.24 g/L,1.8 g/L,0.08 g/L,4.0 mg/L SO2,11.0 mg/L SO2,0.9962 g/cm³,pH 3.28,0.59 g/L,9.5% vol,Score: 5
27,7.9 g/L,0.43 g/L,0.21 g/L,1.6 g/L,0.106 g/L,10.0 mg/L SO2,37.0 mg/L SO2,0.9966 g/cm³,pH 3.17,0.91 g/L,9.5% vol,Score: 5
28,7.1 g/L,0.71 g/L,0.0 g/L,1.9 g/L,0.08 g/L,14.0 mg/L SO2,35.0 mg/L SO2,0.9972 g/cm³,pH 3.47,0.55 g/L,9.4% vol,Score: 5
29,7.8 g/L,0.645 g/L,0.0 g/L,2.0 g/L,0.082 g/L,8.0 mg/L SO2,16.0 mg/L SO2,0.9964 g/cm³,pH 3.38,0.59 g/L,9.8% vol,Score: 6
30,6.7 g/L,0.675 g/L,0.07 g/L,2.4 g/L,0.089 g/L,17.0 mg/L SO2,82.0 mg/L SO2,0.9958 g/cm³,pH 3.35,0.54 g/L,10.1% vol,Score: 5
31,6.9 g/L,0.685 g/L,0.0 g/L,2.5 g/L,0.105 g/L,22.0 mg/L SO2,37.0 mg/L SO2,0.9966 g/cm³,pH 3.46,0.57 g/L,10.6% vol,Score: 6
32,8.3 g/L,0.655 g/L,0.12 g/L,2.3 g/L,0.083 g/L,15.0 mg/L SO2,113.0 mg/L SO2,0.9966 g/cm³,pH 3.17,0.66 g/L,9.8% vol,Score: 5
33,6.9 g/L,0.605 g/L,0.12 g/L,10.7 g/L,0.073 g/L,40.0 mg/L SO2,83.0 mg/L SO2,0.9993 g/cm³,pH 3.45,0.52 g/L,9.4% vol,Score: 6
34,5.2 g/L,0.32 g/L,0.25 g/L,1.8 g/L,0.103 g/L,13.0 mg/L SO2,50.0 mg/L SO2,0.9957 g/cm³,pH 3.38,0.55 g/L,9.2% vol,Score: 5
35,7.8 g/L,0.645 g/L,0.0 g/L,5.5 g/L,0.086 g/L,5.0 mg/L SO2,18.0 mg/L SO2,0.9986 g/cm³,pH 3.4,0.55 g/L,9.6% vol,Score: 6
36,7.8 g/L,0.6 g/L,0.14 g/L,2.4 g/L,0.086 g/L,3.0 mg/L SO2,15.0 mg/L SO2,0.9975 g/cm³,pH 3.42,0.6 g/L,10.8% vol,Score: 6
37,8.1 g/L,0.38 g/L,0.28 g/L,2.1 g/L,0.066 g/L,13.0 mg/L SO2,30.0 mg/L SO2,0.9968 g/cm³,pH 3.23,0.73 g/L,9.7% vol,Score: 7
38,5.7 g/L,1.13 g/L,0.09 g/L,1.5 g/L,0.172 g/L,7.0 mg/L SO2,19.0 mg/L SO2,0.994 g/cm³,pH 3.5,0.48 g/L,9.8% vol,Score: 4
39,7.3 g/L,0.45 g/L,0.36 g/L,5.9 g/L,0.074 g/L,12.0 mg/L SO2,87.0 mg/L SO2,0.9978 g/cm³,pH 3.33,0.83 g/L,10.5% vol,Score: 5
40,7.3 g/L,0.45 g/L,0.36 g/L,5.9 g/L,0.074 g/L,12.0 mg/L SO2,87.0 mg/L SO2,0.9978 g/cm³,pH 3.33,0.83 g/L,10.5% vol,Score: 5
41,8.8 g/L,0.61 g/L,0.3 g/L,2.8 g/L,0.088 g/L,17.0 mg/L SO2,46.0 mg/L SO2,0.9976 g/cm³,pH 3.26,0.51 g/L,9.3% vol,Score: 4
42,7.5 g/L,0.49 g/L,0.2 g/L,2.6 g/L,0.332 g/L,8.0 mg/L SO2,14.0 mg/L SO2,0.9968 g/cm³,pH 3.21,0.9 g/L,10.5% vol,Score: 6
43,8.1 g/L,0.66 g/L,0.22 g/L,2.2 g/L,0.069 g/L,9.0 mg/L SO2,23.0 mg/L SO2,0.9968 g/cm³,pH 3.3,1.2 g/L,10.3% vol,Score: 5
44,6.8 g/L,0.67 g/L,0.02 g/L,1.8 g/L,0.05 g/L,5.0 mg/L SO2,11.0 mg/L SO2,0.9962 g/cm³,pH 3.48,0.52 g/L,9.5% vol,Score: 5
45,4.6 g/L,0.52 g/L,0.15 g/L,2.1 g/L,0.054 g/L,8.0 mg/L SO2,65.0 mg/L SO2,0.9934 g/cm³,pH 3.9,0.56 g/L,13.1% vol,Score: 4
46,7.7 g/L,0.935 g/L,0.43 g/L,2.2 g/L,0.114 g/L,22.0 mg/L SO2,114.0 mg/L SO2,0.997 g/cm³,pH 3.25,0.73 g/L,9.2% vol,Score: 5
47,8.7 g/L,0.29 g/L,0.52 g/L,1.6 g/L,0.113 g/L,12.0 mg/L SO2,37.0 mg/L SO2,0.9969 g/cm³,pH 3.25,0.58 g/L,9.5% vol,Score: 5
48,6.4 g/L,0.4 g/L,0.23 g/L,1.6 g/L,0.066 g/L,5.0 mg/L SO2,12.0 mg/L SO2,0.9958 g/cm³,pH 3.34,0.56 g/L,9.2% vol,Score: 5
49,5.6 g/L,0.31 g/L,0.37 g/L,1.4 g/L,0.074 g/L,12.0 mg/L SO2,96.0 mg/L SO2,0.9954 g/cm³,pH 3.32,0.58 g/L,9.2% vol,Score: 5
50,8.8 g/L,0.66 g/L,0.26 g/L,1.7 g/L,0.074 g/L,4.0 mg/L SO2,23.0 mg/L SO2,0.9971 g/cm³,pH 3.15,0.74 g/L,9.2% vol,Score: 5
51,6.6 g/L,0.52 g/L,0.04 g/L,2.2 g/L,0.069 g/L,8.0 mg/L SO2,15.0 mg/L SO2,0.9956 g/cm³,pH 3.4,0.63 g/L,9.4% vol,Score: 6
52,6.6 g/L,0.5 g/L,0.04 g/L,2.1 g/L,0.068 g/L,6.0 mg/L SO2,14.0 mg/L SO2,0.9955 g/cm³,pH 3.39,0.64 g/L,9.4% vol,Score: 6
53,8.6 g/L,0.38 g/L,0.36 g/L,3.0 g/L,0.081 g/L,30.0 mg/L SO2,119.0 mg/L SO2,0.997 g/cm³,pH 3.2,0.56 g/L,9.4% vol,Score: 5
54,7.6 g/L,0.51 g/L,0.15 g/L,2.8 g/L,0.11 g/L,33.0 mg/L SO2,73.0 mg/L SO2,0.9955 g/cm³,pH 3.17,0.63 g/L,10.2% vol,Score: 6
55,7.7 g/L,0.62 g/L,0.04 g/L,3.8 g/L,0.084 g/L,25.0 mg/L SO2,45.0 mg/L SO2,0.9978 g/cm³,pH 3.34,0.53 g/L,9.5% vol,Score: 5
56,10.2 g/L,0.42 g/L,0.57 g/L,3.4 g/L,0.07 g/L,4.0 mg/L SO2,10.0 mg/L SO2,0.9971 g/cm³,pH 3.04,0.63 g/L,9.6% vol,Score: 5
57,7.5 g/L,0.63 g/L,0.12 g/L,5.1 g/L,0.111 g/L,50.0 mg/L SO2,110.0 mg/L SO2,0.9983 g/cm³,pH 3.26,0.77 g/L,9.4% vol,Score: 5
58,7.8 g/L,0.59 g/L,0.18 g/L,2.3 g/L,0.076 g/L,17.0 mg/L SO2,54.0 mg/L SO2,0.9975 g/cm³,pH 3.43,0.59 g/L,10.0% vol,Score: 5
59,7.3 g/L,0.39 g/L,0.31 g/L,2.4 g/L,0.074 g/L,9.0 mg/L SO2,46.0 mg/L SO2,0.9962 g/cm³,pH 3.41,0.54 g/L,9.4% vol,Score: 6
60,8.8 g/L,0.4 g/L,0.4 g/L,2.2 g/L,0.079 g/L,19.0 mg/L SO2,52.0 mg/L SO2,0.998 g/cm³,pH 3.44,0.64 g/L,9.2% vol,Score: 5
61,7.7 g/L,0.69 g/L,0.49 g/L,1.8 g/L,0.115 g/L,20.0 mg/L SO2,112.0 mg/L SO2,0.9968 g/cm³,pH 3.21,0.71 g/L,9.3% vol,Score: 5
62,7.5 g/L,0.52 g/L,0.16 g/L,1.9 g/L,0.085 g/L,12.0 mg/L SO2,35.0 mg/L SO2,0.9968 g/cm³,pH 3.38,0.62 g/L,9.5% vol,Score: 7
63,7.0 g/L,0.735 g/L,0.05 g/L,2.0 g/L,0.081 g/L,13.0 mg/L SO2,54.0 mg/L SO2,0.9966 g/cm³,pH 3.39,0.57 g/L,9.8% vol,Score: 5
64,7.2 g/L,0.725 g/L,0.05 g/L,4.65 g/L,0.086 g/L,4.0 mg/L SO2,11.0 mg/L SO2,0.9962 g/cm³,pH 3.41,0.39 g/L,10.9% vol,Score: 5
65,7.2 g/L,0.725 g/L,0.05 g/L,4.65 g/L,0.086 g/L,4.0 mg/L SO2,11.0 mg/L SO2,0.9962 g/cm³,pH 3.41,0.39 g/L,10.9% vol,Score: 5
66,7.5 g/L,0.52 g/L,0.11 g/L,1.5 g/L,0.079 g/L,11.0 mg/L SO2,39.0 mg/L SO2,0.9968 g/cm³,pH 3.42,0.58 g/L,9.6% vol,Score: 5
67,6.6 g/L,0.705 g/L,0.07 g/L,1.6 g/L,0.076 g/L,6.0 mg/L SO2,15.0 mg/L SO2,0.9962 g/cm³,pH 3.44,0.58 g/L,10.7% vol,Score: 5
68,9.3 g/L,0.32 g/L,0.57 g/L,2.0 g/L,0.074 g/L,27.0 mg/L SO2,65.0 mg/L SO2,0.9969 g/cm³,pH 3.28,0.79 g/L,10.7% vol,Score: 5
69,8.0 g/L,0.705 g/L,0.05 g/L,1.9 g/L,0.074 g/L,8.0 mg/L SO2,19.0 mg/L SO2,0.9962 g/cm³,pH 3.34,0.95 g/L,10.5% vol,Score: 6
70,7.7 g/L,0.63 g/L,0.08 g/L,1.9 g/L,0.076 g/L,15.0 mg/L SO2,27.0 mg/L SO2,0.9967 g/cm³,pH 3.32,0.54 g/L,9.5% vol,Score: 6
71,7.7 g/L,0.67 g/L,0.23 g/L,2.1 g/L,0.088 g/L,17.0 mg/L SO2,96.0 mg/L SO2,0.9962 g/cm³,pH 3.32,0.48 g/L,9.5% vol,Score: 5
72,7.7 g/L,0.69 g/L,0.22 g/L,1.9 g/L,0.084 g/L,18.0 mg/L SO2,94.0 mg/L SO2,0.9961 g/cm³,pH 3.31,0.48 g/L,9.5% vol,Score: 5
73,8.3 g/L,0.675 g/L,0.26 g/L,2.1 g/L,0.084 g/L,11.0 mg/L SO2,43.0 mg/L SO2,0.9976 g/cm³,pH 3.31,0.53 g/L,9.2% vol,Score: 4
74,9.7 g/L,0.32 g/L,0.54 g/L,2.5 g/L,0.094 g/L,28.0 mg/L SO2,83.0 mg/L SO2,0.9984 g/cm³,pH 3.28,0.82 g/L,9.6% vol,Score: 5
75,8.8 g/L,0.41 g/L,0.64 g/L,2.2 g/L,0.093 g/L,9.0 mg/L SO2,42.0 mg/L SO2,0.9986 g/cm³,pH 3.54,0.66 g/L,10.5% vol,Score: 5
76,8.8 g/L,0.41 g/L,0.64 g/L,2.2 g/L,0.093 g/L,9.0 mg/L SO2,42.0 mg/L SO2,0.9986 g/cm³,pH 3.54,0.66 g/L,10.5% vol,Score: 5
77,6.8 g/L,0.785 g/L,0.0 g/L,2.4 g/L,0.104 g/L,14.0 mg/L SO2,30.0 mg/L SO2,0.9966 g/cm³,pH 3.52,0.55 g/L,10.7% vol,Score: 6
78,6.7 g/L,0.75 g/L,0.12 g/L,2.0 g/L,0.086 g/L,12.0 mg/L SO2,80.0 mg/L SO2,0.9958 g/cm³,pH 3.38,0.52 g/L,10.1% vol,Score: 5
79,8.3 g/L,0.625 g/L,0.2 g/L,1.5 g/L,0.08 g/L,27.0 mg/L SO2,119.0 mg/L SO2,0.9972 g/cm³,pH 3.16,1.12 g/L,9.1% vol,Score: 4
80,6.2 g/L,0.45 g/L,0.2 g/L,1.6 g/L,0.069 g/L,3.0 mg/L SO2,15.0 mg/L SO2,0.9958 g/cm³,pH 3.41,0.56 g/L,9.2% vol,Score: 5
81,7.8 g/L,0.43 g/L,0.7 g/L,1.9 g/L,0.464 g/L,22.0 mg/L SO2,67.0 mg/L SO2,0.9974 g/cm³,pH 3.13,1.28 g/L,9.4% vol,Score: 5
82,7.4 g/L,0.5 g/L,0.47 g/L,2.0 g/L,0.086 g/L,21.0 mg/L SO2,73.0 mg/L SO2,0.997 g/cm³,pH 3.36,0.57 g/L,9.1% vol,Score: 5
83,7.3 g/L,0.67 g/L,0.26 g/L,1.8 g/L,0.401 g/L,16.0 mg/L SO2,51.0 mg/L SO2,0.9969 g/cm³,pH 3.16,1.14 g/L,9.4% vol,Score: 5
84,6.3 g/L,0.3 g/L,0.48 g/L,1.8 g/L,0.069 g/L,18.0 mg/L SO2,61.0 mg/L SO2,0.9959 g/cm³,pH 3.44,0.78 g/L,10.3% vol,Score: 6
85,6.9 g/L,0.55 g/L,0.15 g/L,2.2 g/L,0.076 g/L,19.0 mg/L SO2,40.0 mg/L SO2,0.9961 g/cm³,pH 3.41,0.59 g/L,10.1% vol,Score: 5
86,8.6 g/L,0.49 g/L,0.28 g/L,1.9 g/L,0.11 g/L,20.0 mg/L SO2,136.0 mg/L SO2,0.9972 g/cm³,pH 2.93,1.95 g/L,9.9% vol,Score: 6
87,7.7 g/L,0.49 g/L,0.26 g/L,1.9 g/L,0.062 g/L,9.0 mg/L SO2,31.0 mg/L SO2,0.9966 g/cm³,pH 3.39,0.64 g/L,9.6% vol,Score: 5
88,9.3 g/L,0.39 g/L,0.44 g/L,2.1 g/L,0.107 g/L,34.0 mg/L SO2,125.0 mg/L SO2,0.9978 g/cm³,pH 3.14,1.22 g/L,9.5% vol,Score: 5
89,7.0 g/L,0.62 g/L,0.08 g/L,1.8 g/L,0.076 g/L,8.0 mg/L SO2,24.0 mg/L SO2,0.9978 g/cm³,pH 3.48,0.53 g/L,9.0% vol,Score: 5
90,7.9 g/L,0.52 g/L,0.26 g/L,1.9 g/L,0.079 g/L,42.0 mg/L SO2,140.0 mg/L SO2,0.9964 g/cm³,pH 3.23,0.54 g/L,9.5% vol,Score: 5
91,8.6 g/L,0.49 g/L,0.28 g/L,1.9 g/L,0.11 g/L,20.0 mg/L SO2,136.0 mg/L SO2,0.9972 g/cm³,pH 2.93,1.95 g/L,9.9% vol,Score: 6
92,8.6 g/L,0.49 g/L,0.29 g/L,2.0 g/L,0.11 g/L,19.0 mg/L SO2,133.0 mg/L SO2,0.9972 g/cm³,pH 2.93,1.98 g/L,9.8% vol,Score: 5
93,7.7 g/L,0.49 g/L,0.26 g/L,1.9 g/L,0.062 g/L,9.0 mg/L SO2,31.0 mg/L SO2,0.9966 g/cm³,pH 3.39,0.64 g/L,9.6% vol,Score: 5
94,5.0 g/L,1.02 g/L,0.04 g/L,1.4 g/L,0.045 g/L,41.0 mg/L SO2,85.0 mg/L SO2,0.9938 g/cm³,pH 3.75,0.48 g/L,10.5% vol,Score: 4
95,4.7 g/L,0.6 g/L,0.17 g/L,2.3 g/L,0.058 g/L,17.0 mg/L SO2,106.0 mg/L SO2,0.9932 g/cm³,pH 3.85,0.6 g/L,12.9% vol,Score: 6
96,6.8 g/L,0.775 g/L,0.0 g/L,3.0 g/L,0.102 g/L,8.0 mg/L SO2,23.0 mg/L SO2,0.9965 g/cm³,pH 3.45,0.56 g/L,10.7% vol,Score: 5
97,7.0 g/L,0.5 g/L,0.25 g/L,2.0 g/L,0.07 g/L,3.0 mg/L SO2,22.0 mg/L SO2,0.9963 g/cm³,pH 3.25,0.63 g/L,9.2% vol,Score: 5
98,7.6 g/L,0.9 g/L,0.06 g/L,2.5 g/L,0.079 g/L,5.0 mg/L SO2,10.0 mg/L SO2,0.9967 g/cm³,pH 3.39,0.56 g/L,9.8% vol,Score: 5
99,8.1 g/L,0.545 g/L,0.18 g/L,1.9 g/L,0.08 g/L,13.0 mg/L SO2,35.0 mg/L SO2,0.9972 g/cm³,pH 3.3,0.59 g/L,9.0% vol,Score: 6
100,8.3 g/L,0.61 g/L,0.3 g/L,2.1 g/L,0.084 g/L,11.0 mg/L SO2,50.0 mg/L SO2,0.9972 g/cm³,pH 3.4,0.61 g/L,10.2% vol,Score: 6
101,7.8 g/L,0.5 g/L,0.3 g/L,1.9 g/L,0.075 g/L,8.0 mg/L SO2,22.0 mg/L SO2,0.9959 g/cm³,pH 3.31,0.56 g/L,10.4% vol,Score: 6
102,8.1 g/L,0.545 g/L,0.18 g/L,1.9 g/L,0.08 g/L,13.0 mg/L SO2,35.0 mg/L SO2,0.9972 g/cm³,pH 3.3,0.59 g/L,9.0% vol,Score: 6
103,8.1 g/L,0.575 g/L,0.22 g/L,2.1 g/L,0.077 g/L,12.0 mg/L SO2,65.0 mg/L SO2,0.9967 g/cm³,pH 3.29,0.51 g/L,9.2% vol,Score: 5
104,7.2 g/L,0.49 g/L,0.24 g/L,2.2 g/L,0.07 g/L,5.0 mg/L SO2,36.0 mg/L SO2,0.996 g/cm³,pH 3.33,0.48 g/L,9.4% vol,Score: 5
105,8.1 g/L,0.575 g/L,0.22 g/L,2.1 g/L,0.077 g/L,12.0 mg/L SO2,65.0 mg/L SO2,0.9967 g/cm³,pH 3.29,0.51 g/L,9.2% vol,Score: 5
106,7.8 g/L,0.41 g/L,0.68 g/L,1.7 g/L,0.467 g/L,18.0 mg/L SO2,69.0 mg/L SO2,0.9973 g/cm³,pH 3.08,1.31 g/L,9.3% vol,Score: 5
107,6.2 g/L,0.63 g/L,0.31 g/L,1.7 g/L,0.088 g/L,15.0 mg/L SO2,64.0 mg/L SO2,0.9969 g/cm³,pH 3.46,0.79 g/L,9.3% vol,Score: 5
108,8.0 g/L,0.33 g/L,0.53 g/L,2.5 g/L,0.091 g/L,18.0 mg/L SO2,80.0 mg/L SO2,0.9976 g/cm³,pH 3.37,0.8 g/L,9.6% vol,Score: 6
109,8.1 g/L,0.785 g/L,0.52 g/L,2.0 g/L,0.122 g/L,37.0 mg/L SO2,153.0 mg/L SO2,0.9969 g/cm³,pH 3.21,0.69 g/L,9.3% vol,Score: 5
110,7.8 g/L,0.56 g/L,0.19 g/L,1.8 g/L,0.104 g/L,12.0 mg/L SO2,47.0 mg/L SO2,0.9964 g/cm³,pH 3.19,0.93 g/L,9.5% vol,Score: 5
111,8.4 g/L,0.62 g/L,0.09 g/L,2.2 g/L,0.084 g/L,11.0 mg/L SO2,108.0 mg/L SO2,0.9964 g/cm³,pH 3.15,0.66 g/L,9.8% vol,Score: 5
112,8.4 g/L,0.6 g/L,0.1 g/L,2.2 g/L,0.085 g/L,14.0 mg/L SO2,111.0 mg/L SO2,0.9964 g/cm³,pH 3.15,0.66 g/L,9.8% vol,Score: 5
113,10.1 g/L,0.31 g/L,0.44 g/L,2.3 g/L,0.08 g/L,22.0 mg/L SO2,46.0 mg/L SO2,0.9988 g/cm³,pH 3.32,0.67 g/L,9.7% vol,Score: 6
114,7.8 g/L,0.56 g/L,0.19 g/L,1.8 g/L,0.104 g/L,12.0 mg/L SO2,47.0 mg/L SO2,0.9964 g/cm³,pH 3.19,0.93 g/L,9.5% vol,Score: 5
115,9.4 g/L,0.4 g/L,0.31 g/L,2.2 g/L,0.09 g/L,13.0 mg/L SO2,62.0 mg/L SO2,0.9966 g/cm³,pH 3.07,0.63 g/L,10.5% vol,Score: 6
116,8.3 g/L,0.54 g/L,0.28 g/L,1.9 g/L,0.077 g/L,11.0 mg/L SO2,40.0 mg/L SO2,0.9978 g/cm³,pH 3.39,0.61 g/L,10.0% vol,Score: 6
117,7.8 g/L,0.56 g/L,0.12 g/L,2.0 g/L,0.082 g/L,7.0 mg/L SO2,28.0 mg/L SO2,0.997 g/cm³,pH 3.37,0.5 g/L,9.4% vol,Score: 6
118,8.8 g/L,0.55 g/L,0.04 g/L,2.2 g/L,0.119 g/L,14.0 mg/L SO2,56.0 mg/L SO2,0.9962 g/cm³,pH 3.21,0.6 g/L,10.9% vol,Score: 6
119,7.0 g/L,0.69 g/L,0.08 g/L,1.8 g/L,0.097 g/L,22.0 mg/L SO2,89.0 mg/L SO2,0.9959 g/cm³,pH 3.34,0.54 g/L,9.2% vol,Score: 6
120,7.3 g/L,1.07 g/L,0.09 g/L,1.7 g/L,0.178 g/L,10.0 mg/L SO2,89.0 mg/L SO2,0.9962 g/cm³,pH 3.3,0.57 g/L,9.0% vol,Score: 5
121,8.8 g/L,0.55 g/L,0.04 g/L,2.2 g/L,0.119 g/L,14.0 mg/L SO2,56.0 mg/L SO2,0.9962 g/cm³,pH 3.21,0.6 g/L,10.9% vol,Score: 6
122,7.3 g/L,0.695 g/L,0.0 g/L,2.5 g/L,0.075 g/L,3.0 mg/L SO2,13.0 mg/L SO2,0.998 g/cm³,pH 3.49,0.52 g/L,9.2% vol,Score: 5
123,8.0 g/L,0.71 g/L,0.0 g/L,2.6 g/L,0.08 g/L,11.0 mg/L SO2,34.0 mg/L SO2,0.9976 g/cm³,pH 3.44,0.53 g/L,9.5% vol,Score: 5
124,7.8 g/L,0.5 g/L,0.17 g/L,1.6 g/L,0.082 g/L,21.0 mg/L SO2,102.0 mg/L SO2,0.996 g/cm³,pH 3.39,0.48 g/L,9.5% vol,Score: 5
125,9.0 g/L,0.62 g/L,0.04 g/L,1.9 g/L,0.146 g/L,27.0 mg/L SO2,90.0 mg/L SO2,0.9984 g/cm³,pH 3.16,0.7 g/L,9.4% vol,Score: 5
126,8.2 g/L,1.33 g/L,0.0 g/L,1.7 g/L,0.081 g/L,3.0 mg/L SO2,12.0 mg/L SO2,0.9964 g/cm³,pH 3.53,0.49 g/L,10.9% vol,Score: 5
127,8.1 g/L,1.33 g/L,0.0 g/L,1.8 g/L,0.082 g/L,3.0 mg/L SO2,12.0 mg/L SO2,0.9964 g/cm³,pH 3.54,0.48 g/L,10.9% vol,Score: 5
128,8.0 g/L,0.59 g/L,0.16 g/L,1.8 g/L,0.065 g/L,3.0 mg/L SO2,16.0 mg/L SO2,0.9962 g/cm³,pH 3.42,0.92 g/L,10.5% vol,Score: 7
129,6.1 g/L,0.38 g/L,0.15 g/L,1.8 g/L,0.072 g/L,6.0 mg/L SO2,19.0 mg/L SO2,0.9955 g/cm³,pH 3.42,0.57 g/L,9.4% vol,Score: 5
130,8.0 g/L,0.745 g/L,0.56 g/L,2.0 g/L,0.118 g/L,30.0 mg/L SO2,134.0 mg/L SO2,0.9968 g/cm³,pH 3.24,0.66 g/L,9.4% vol,Score: 5
131,5.6 g/L,0.5 g/L,0.09 g/L,2.3 g/L,0.049 g/L,17.0 mg/L SO2,99.0 mg/L SO2,0.9937 g/cm³,pH 3.63,0.63 g/L,13.0% vol,Score: 5
132,5.6 g/L,0.5 g/L,0.09 g/L,2.3 g/L,0.049 g/L,17.0 mg/L SO2,99.0 mg/L SO2,0.9937 g/cm³,pH 3.63,0.63 g/L,13.0% vol,Score: 5
133,6.6 g/L,0.5 g/L,0.01 g/L,1.5 g/L,0.06 g/L,17.0 mg/L SO2,26.0 mg/L SO2,0.9952 g/cm³,pH 3.4,0.58 g/L,9.8% vol,Score: 6
134,7.9 g/L,1.04 g/L,0.05 g/L,2.2 g/L,0.084 g/L,13.0 mg/L SO2,29.0 mg/L SO2,0.9959 g/cm³,pH 3.22,0.55 g/L,9.9% vol,Score: 6
135,8.4 g/L,0.745 g/L,0.11 g/L,1.9 g/L,0.09 g/L,16.0 mg/L SO2,63.0 mg/L SO2,0.9965 g/cm³,pH 3.19,0.82 g/L,9.6% vol,Score: 5
136,8.3 g/L,0.715 g/L,0.15 g/L,1.8 g/L,0.089 g/L,10.0 mg/L SO2,52.0 mg/L SO2,0.9968 g/cm³,pH 3.23,0.77 g/L,9.5% vol,Score: 5
137,7.2 g/L,0.415 g/L,0.36 g/L,2.0 g/L,0.081 g/L,13.0 mg/L SO2,45.0 mg/L SO2,0.9972 g/cm³,pH 3.48,0.64 g/L,9.2% vol,Score: 5
138,7.8 g/L,0.56 g/L,0.19 g/L,2.1 g/L,0.081 g/L,15.0 mg/L SO2,105.0 mg/L SO2,0.9962 g/cm³,pH 3.33,0.54 g/L,9.5% vol,Score: 5
139,7.8 g/L,0.56 g/L,0.19 g/L,2.0 g/L,0.081 g/L,17.0 mg/L SO2,108.0 mg/L SO2,0.9962 g/cm³,pH 3.32,0.54 g/L,9.5% vol,Score: 5
140,8.4 g/L,0.745 g/L,0.11 g/L,1.9 g/L,0.09 g/L,16.0 mg/L SO2,63.0 mg/L SO2,0.9965 g/cm³,pH 3.19,0.82 g/L,9.6% vol,Score: 5
141,8.3 g/L,0.715 g/L,0.15 g/L,1.8 g/L,0.089 g/L,10.0 mg/L SO2,52.0 mg/L SO2,0.9968 g/cm³,pH 3.23,0.77 g/L,9.5% vol,Score: 5
142,5.2 g/L,0.34 g/L,0.0 g/L,1.8 g/L,0.05 g/L,27.0 mg/L SO2,63.0 mg/L SO2,0.9916 g/cm³,pH 3.68,0.79 g/L,14.0% vol,Score: 6
143,6.3 g/L,0.39 g/L,0.08 g/L,1.7 g/L,0.066 g/L,3.0 mg/L SO2,20.0 mg/L SO2,0.9954 g/cm³,pH 3.34,0.58 g/L,9.4% vol,Score: 5
144,5.2 g/L,0.34 g/L,0.0 g/L,1.8 g/L,0.05 g/L,27.0 mg/L SO2,63.0 mg/L SO2,0.9916 g/cm³,pH 3.68,0.79 g/L,14.0% vol,Score: 6
145,8.1 g/L,0.67 g/L,0.55 g/L,1.8 g/L,0.117 g/L,32.0 mg/L SO2,141.0 mg/L SO2,0.9968 g/cm³,pH 3.17,0.62 g/L,9.4% vol,Score: 5
146,5.8 g/L,0.68 g/L,0.02 g/L,1.8 g/L,0.087 g/L,21.0 mg/L SO2,94.0 mg/L SO2,0.9944 g/cm³,pH 3.54,0.52 g/L,10.0% vol,Score: 5
147,7.6 g/L,0.49 g/L,0.26 g/L,1.6 g/L,0.236 g/L,10.0 mg/L SO2,88.0 mg/L SO2,0.9968 g/cm³,pH 3.11,0.8 g/L,9.3% vol,Score: 5
148,6.9 g/L,0.49 g/L,0.1 g/L,2.3 g/L,0.074 g/L,12.0 mg/L SO2,30.0 mg/L SO2,0.9959 g/cm³,pH 3.42,0.58 g/L,10.2% vol,Score: 6
149,8.2 g/L,0.4 g/L,0.44 g/L,2.8 g/L,0.089 g/L,11.0 mg/L SO2,43.0 mg/L SO2,0.9975 g/cm³,pH 3.53,0.61 g/L,10.5% vol,Score: 6
150,7.3 g/L,0.33 g/L,0.47 g/L,2.1 g/L,0.077 g/L,5.0 mg/L SO2,11.0 mg/L SO2,0.9958 g/cm³,pH 3.33,0.53 g/L,10.3% vol,Score: 6
151,9.2 g/L,0.52 g/L,1.0 g/L,3.4 g/L,0.61 g/L,32.0 mg/L SO2,69.0 mg/L SO2,0.9996 g/cm³,pH 2.74,2.0 g/L,9.4% vol,Score: 4
152,7.5 g/L,0.6 g/L,0.03 g/L,1.8 g/L,0.095 g/L,25.0 mg/L SO2,99.0 mg/L SO2,0.995 g/cm³,pH 3.35,0.54 g/L,10.1% vol,Score: 5
153,7.5 g/L,0.6 g/L,0.03 g/L,1.8 g/L,0.095 g/L,25.0 mg/L SO2,99.0 mg/L SO2,0.995 g/cm³,pH 3.35,0.54 g/L,10.1% vol,Score: 5
154,7.1 g/L,0.43 g/L,0.42 g/L,5.5 g/L,0.07 g/L,29.0 mg/L SO2,129.0 mg/L SO2,0.9973 g/cm³,pH 3.42,0.72 g/L,10.5% vol,Score: 5
155,7.1 g/L,0.43 g/L,0.42 g/L,5.5 g/L,0.071 g/L,28.0 mg/L SO2,128.0 mg/L SO2,0.9973 g/cm³,pH 3.42,0.71 g/L,10.5% vol,Score: 5
156,7.1 g/L,0.43 g/L,0.42 g/L,5.5 g/L,0.07 g/L,29.0 mg/L SO2,129.0 mg/L SO2,0.9973 g/cm³,pH 3.42,0.72 g/L,10.5% vol,Score: 5
157,7.1 g/L,0.43 g/L,0.42 g/L,5.5 g/L,0.071 g/L,28.0 mg/L SO2,128.0 mg/L SO2,0.9973 g/cm³,pH 3.42,0.71 g/L,10.5% vol,Score: 5
158,7.1 g/L,0.68 g/L,0.0 g/L,2.2 g/L,0.073 g/L,12.0 mg/L SO2,22.0 mg/L SO2,0.9969 g/cm³,pH 3.48,0.5 g/L,9.3% vol,Score: 5
159,6.8 g/L,0.6 g/L,0.18 g/L,1.9 g/L,0.079 g/L,18.0 mg/L SO2,86.0 mg/L SO2,0.9968 g/cm³,pH 3.59,0.57 g/L,9.3% vol,Score: 6
160,7.6 g/L,0.95 g/L,0.03 g/L,2.0 g/L,0.09 g/L,7.0 mg/L SO2,20.0 mg/L SO2,0.9959 g/cm³,pH 3.2,0.56 g/L,9.6% vol,Score: 5
161,7.6 g/L,0.68 g/L,0.02 g/L,1.3 g/L,0.072 g/L,9.0 mg/L SO2,20.0 mg/L SO2,0.9965 g/cm³,pH 3.17,1.08 g/L,9.2% vol,Score: 4
162,7.8 g/L,0.53 g/L,0.04 g/L,1.7 g/L,0.076 g/L,17.0 mg/L SO2,31.0 mg/L SO2,0.9964 g/cm³,pH 3.33,0.56 g/L,10.0% vol,Score: 6
163,7.4 g/L,0.6 g/L,0.26 g/L,7.3 g/L,0.07 g/L,36.0 mg/L SO2,121.0 mg/L SO2,0.9982 g/cm³,pH 3.37,0.49 g/L,9.4% vol,Score: 5
164,7.3 g/L,0.59 g/L,0.26 g/L,7.2 g/L,0.07 g/L,35.0 mg/L SO2,121.0 mg/L SO2,0.9981 g/cm³,pH 3.37,0.49 g/L,9.4% vol,Score: 5
165,7.8 g/L,0.63 g/L,0.48 g/L,1.7 g/L,0.1 g/L,14.0 mg/L SO2,96.0 mg/L SO2,0.9961 g/cm³,pH 3.19,0.62 g/L,9.5% vol,Score: 5
166,6.8 g/L,0.64 g/L,0.1 g/L,2.1 g/L,0.085 g/L,18.0 mg/L SO2,101.0 mg/L SO2,0.9956 g/cm³,pH 3.34,0.52 g/L,10.2% vol,Score: 5
167,7.3 g/L,0.55 g/L,0.03 g/L,1.6 g/L,0.072 g/L,17.0 mg/L SO2,42.0 mg/L SO2,0.9956 g/cm³,pH 3.37,0.48 g/L,9.0% vol,Score: 4
168,6.8 g/L,0.63 g/L,0.07 g/L,2.1 g/L,0.089 g/L,11.0 mg/L SO2,44.0 mg/L SO2,0.9953 g/cm³,pH 3.47,0.55 g/L,10.4% vol,Score: 6
169,7.5 g/L,0.705 g/L,0.24 g/L,1.8 g/L,0.36 g/L,15.0 mg/L SO2,63.0 mg/L SO2,0.9964 g/cm³,pH 3.0,1.59 g/L,9.5% vol,Score: 5
170,7.9 g/L,0.885 g/L,0.03 g/L,1.8 g/L,0.058 g/L,4.0 mg/L SO2,8.0 mg/L SO2,0.9972 g/cm³,pH 3.36,0.33 g/L,9.1% vol,Score: 4
171,8.0 g/L,0.42 g/L,0.17 g/L,2.0 g/L,0.073 g/L,6.0 mg/L SO2,18.0 mg/L SO2,0.9972 g/cm³,pH 3.29,0.61 g/L,9.2% vol,Score: 6
172,8.0 g/L,0.42 g/L,0.17 g/L,2.0 g/L,0.073 g/L,6.0 mg/L SO2,18.0 mg/L SO2,0.9972 g/cm³,pH 3.29,0.61 g/L,9.2% vol,Score: 6
173,7.4 g/L,0.62 g/L,0.05 g/L,1.9 g/L,0.068 g/L,24.0 mg/L SO2,42.0 mg/L SO2,0.9961 g/cm³,pH 3.42,0.57 g/L,11.5% vol,Score: 6
174,7.3 g/L,0.38 g/L,0.21 g/L,2.0 g/L,0.08 g/L,7.0 mg/L SO2,35.0 mg/L SO2,0.9961 g/cm³,pH 3.33,0.47 g/L,9.5% vol,Score: 5
175,6.9 g/L,0.5 g/L,0.04 g/L,1.5 g/L,0.085 g/L,19.0 mg/L SO2,49.0 mg/L SO2,0.9958 g/cm³,pH 3.35,0.78 g/L,9.5% vol,Score: 5
176,7.3 g/L,0.38 g/L,0.21 g/L,2.0 g/L,0.08 g/L,7.0 mg/L SO2,35.0 mg/L SO2,0.9961 g/cm³,pH 3.33,0.47 g/L,9.5% vol,Score: 5
177,7.5 g/L,0.52 g/L,0.42 g/L,2.3 g/L,0.087 g/L,8.0 mg/L SO2,38.0 mg/L SO2,0.9972 g/cm³,pH 3.58,0.61 g/L,10.5% vol,Score: 6
178,7.0 g/L,0.805 g/L,0.0 g/L,2.5 g/L,0.068 g/L,7.0 mg/L SO2,20.0 mg/L SO2,0.9969 g/cm³,pH 3.48,0.56 g/L,9.6% vol,Score: 5
179,8.8 g/L,0.61 g/L,0.14 g/L,2.4 g/L,0.067 g/L,10.0 mg/L SO2,42.0 mg/L SO2,0.9969 g/cm³,pH 3.19,0.59 g/L,9.5% vol,Score: 5
180,8.8 g/L,0.61 g/L,0.14 g/L,2.4 g/L,0.067 g/L,10.0 mg/L SO2,42.0 mg/L SO2,0.9969 g/cm³,pH 3.19,0.59 g/L,9.5% vol,Score: 5
181,8.9 g/L,0.61 g/L,0.49 g/L,2.0 g/L,0.27 g/L,23.0 mg/L SO2,110.0 mg/L SO2,0.9972 g/cm³,pH 3.12,1.02 g/L,9.3% vol,Score: 5
182,7.2 g/L,0.73 g/L,0.02 g/L,2.5 g/L,0.076 g/L,16.0 mg/L SO2,42.0 mg/L SO2,0.9972 g/cm³,pH 3.44,0.52 g/L,9.3% vol,Score: 5
183,6.8 g/L,0.61 g/L,0.2 g/L,1.8 g/L,0.077 g/L,11.0 mg/L SO2,65.0 mg/L SO2,0.9971 g/cm³,pH 3.54,0.58 g/L,9.3% vol,Score: 5
184,6.7 g/L,0.62 g/L,0.21 g/L,1.9 g/L,0.079 g/L,8.0 mg/L SO2,62.0 mg/L SO2,0.997 g/cm³,pH 3.52,0.58 g/L,9.3% vol,Score: 6
185,8.9 g/L,0.31 g/L,0.57 g/L,2.0 g/L,0.111 g/L,26.0 mg/L SO2,85.0 mg/L SO2,0.9971 g/cm³,pH 3.26,0.53 g/L,9.7% vol,Score: 5
186,7.4 g/L,0.39 g/L,0.48 g/L,2.0 g/L,0.082 g/L,14.0 mg/L SO2,67.0 mg/L SO2,0.9972 g/cm³,pH 3.34,0.55 g/L,9.2% vol,Score: 5
187,7.7 g/L,0.705 g/L,0.1 g/L,2.6 g/L,0.084 g/L,9.0 mg/L SO2,26.0 mg/L SO2,0.9976 g/cm³,pH 3.39,0.49 g/L,9.7% vol,Score: 5
188,7.9 g/L,0.5 g/L,0.33 g/L,2.0 g/L,0.084 g/L,15.0 mg/L SO2,143.0 mg/L SO2,0.9968 g/cm³,pH 3.2,0.55 g/L,9.5% vol,Score: 5
189,7.9 g/L,0.49 g/L,0.32 g/L,1.9 g/L,0.082 g/L,17.0 mg/L SO2,144.0 mg/L SO2,0.9968 g/cm³,pH 3.2,0.55 g/L,9.5% vol,Score: 5
190,8.2 g/L,0.5 g/L,0.35 g/L,2.9 g/L,0.077 g/L,21.0 mg/L SO2,127.0 mg/L SO2,0.9976 g/cm³,pH 3.23,0.62 g/L,9.4% vol,Score: 5
191,6.4 g/L,0.37 g/L,0.25 g/L,1.9 g/L,0.074 g/L,21.0 mg/L SO2,49.0 mg/L SO2,0.9974 g/cm³,pH 3.57,0.62 g/L,9.8% vol,Score: 6
192,6.8 g/L,0.63 g/L,0.12 g/L,3.8 g/L,0.099 g/L,16.0 mg/L SO2,126.0 mg/L SO2,0.9969 g/cm³,pH 3.28,0.61 g/L,9.5% vol,Score: 5
193,7.6 g/L,0.55 g/L,0.21 g/L,2.2 g/L,0.071 g/L,7.0 mg/L SO2,28.0 mg/L SO2,0.9964 g/cm³,pH 3.28,0.55 g/L,9.7% vol,Score: 5
194,7.6 g/L,0.55 g/L,0.21 g/L,2.2 g/L,0.071 g/L,7.0 mg/L SO2,28.0 mg/L SO2,0.9964 g/cm³,pH 3.28,0.55 g/L,9.7% vol,Score: 5
195,7.8 g/L,0.59 g/L,0.33 g/L,2.0 g/L,0.074 g/L,24.0 mg/L SO2,120.0 mg/L SO2,0.9968 g/cm³,pH 3.25,0.54 g/L,9.4% vol,Score: 5
196,7.3 g/L,0.58 g/L,0.3 g/L,2.4 g/L,0.074 g/L,15.0 mg/L SO2,55.0 mg/L SO2,0.9968 g/cm³,pH 3.46,0.59 g/L,10.2% vol,Score: 5
197,11.5 g/L,0.3 g/L,0.6 g/L,2.0 g/L,0.067 g/L,12.0 mg/L SO2,27.0 mg/L SO2,0.9981 g/cm³,pH 3.11,0.97 g/L,10.1% vol,Score: 6
198,5.4 g/L,0.835 g/L,0.08 g/L,1.2 g/L,0.046 g/L,13.0 mg/L SO2,93.0 mg/L SO2,0.9924 g/cm³,pH 3.57,0.85 g/L,13.0% vol,Score: 7
199,6.9 g/L,1.09 g/L,0.06 g/L,2.1 g/L,0.061 g/L,12.0 mg/L SO2,31.0 mg/L SO2,0.9948 g/cm³,pH 3.51,0.43 g/L,11.4% vol,Score: 4
200,9.6 g/L,0.32 g/L,0.47 g/L,1.4 g/L,0.056 g/L,9.0 mg/L SO2,24.0 mg/L SO2,0.99695 g/cm³,pH 3.22,0.82 g/L,10.3% vol,Score: 7
201,8.8 g/L,0.37 g/L,0.48 g/L,2.1 g/L,0.097 g/L,39.0 mg/L SO2,145.0 mg/L SO2,0.9975 g/cm³,pH 3.04,1.03 g/L,9.3% vol,Score: 5
202,6.8 g/L,0.5 g/L,0.11 g/L,1.5 g/L,0.075 g/L,16.0 mg/L SO2,49.0 mg/L SO2,0.99545 g/cm³,pH 3.36,0.79 g/L,9.5% vol,Score: 5
203,7.0 g/L,0.42 g/L,0.35 g/L,1.6 g/L,0.088 g/L,16.0 mg/L SO2,39.0 mg/L SO2,0.9961 g/cm³,pH 3.34,0.55 g/L,9.2% vol,Score: 5
204,7.0 g/L,0.43 g/L,0.36 g/L,1.6 g/L,0.089 g/L,14.0 mg/L SO2,37.0 mg/L SO2,0.99615 g/cm³,pH 3.34,0.56 g/L,9.2% vol,Score: 6
205,12.8 g/L,0.3 g/L,0.74 g/L,2.6 g/L,0.095 g/L,9.0 mg/L SO2,28.0 mg/L SO2,0.9994 g/cm³,pH 3.2,0.77 g/L,10.8% vol,Score: 7
206,12.8 g/L,0.3 g/L,0.74 g/L,2.6 g/L,0.095 g/L,9.0 mg/L SO2,28.0 mg/L SO2,0.9994 g/cm³,pH 3.2,0.77 g/L,10.8% vol,Score: 7
207,7.8 g/L,0.57 g/L,0.31 g/L,1.8 g/L,0.069 g/L,26.0 mg/L SO2,120.0 mg/L SO2,0.99625 g/cm³,pH 3.29,0.53 g/L,9.3% vol,Score: 5
208,7.8 g/L,0.44 g/L,0.28 g/L,2.7 g/L,0.1 g/L,18.0 mg/L SO2,95.0 mg/L SO2,0.9966 g/cm³,pH 3.22,0.67 g/L,9.4% vol,Score: 5
209,11.0 g/L,0.3 g/L,0.58 g/L,2.1 g/L,0.054 g/L,7.0 mg/L SO2,19.0 mg/L SO2,0.998 g/cm³,pH 3.31,0.88 g/L,10.5% vol,Score: 7
210,9.7 g/L,0.53 g/L,0.6 g/L,2.0 g/L,0.039 g/L,5.0 mg/L SO2,19.0 mg/L SO2,0.99585 g/cm³,pH 3.3,0.86 g/L,12.4% vol,Score: 6
211,8.0 g/L,0.725 g/L,0.24 g/L,2.8 g/L,0.083 g/L,10.0 mg/L SO2,62.0 mg/L SO2,0.99685 g/cm³,pH 3.35,0.56 g/L,10.0% vol,Score: 6
212,11.6 g/L,0.44 g/L,0.64 g/L,2.1 g/L,0.059 g/L,5.0 mg/L SO2,15.0 mg/L SO2,0.998 g/cm³,pH 3.21,0.67 g/L,10.2% vol,Score: 6
213,8.2 g/L,0.57 g/L,0.26 g/L,2.2 g/L,0.06 g/L,28.0 mg/L SO2,65.0 mg/L SO2,0.9959 g/cm³,pH 3.3,0.43 g/L,10.1% vol,Score: 5
214,7.8 g/L,0.735 g/L,0.08 g/L,2.4 g/L,0.092 g/L,10.0 mg/L SO2,41.0 mg/L SO2,0.9974 g/cm³,pH 3.24,0.71 g/L,9.8% vol,Score: 6
215,7.0 g/L,0.49 g/L,0.49 g/L,5.6 g/L,0.06 g/L,26.0 mg/L SO2,121.0 mg/L SO2,0.9974 g/cm³,pH 3.34,0.76 g/L,10.5% vol,Score: 5
216,8.7 g/L,0.625 g/L,0.16 g/L,2.0 g/L,0.101 g/L,13.0 mg/L SO2,49.0 mg/L SO2,0.9962 g/cm³,pH 3.14,0.57 g/L,11.0% vol,Score: 5
217,8.1 g/L,0.725 g/L,0.22 g/L,2.2 g/L,0.072 g/L,11.0 mg/L SO2,41.0 mg/L SO2,0.9967 g/cm³,pH 3.36,0.55 g/L,9.1% vol,Score: 5
218,7.5 g/L,0.49 g/L,0.19 g/L,1.9 g/L,0.076 g/L,10.0 mg/L SO2,44.0 mg/L SO2,0.9957 g/cm³,pH 3.39,0.54 g/L,9.7% vol,Score: 5
219,7.8 g/L,0.53 g/L,0.33 g/L,2.4 g/L,0.08 g/L,24.0 mg/L SO2,144.0 mg/L SO2,0.99655 g/cm³,pH 3.3,0.6 g/L,9.5% vol,Score: 5
220,7.8 g/L,0.34 g/L,0.37 g/L,2.0 g/L,0.082 g/L,24.0 mg/L SO2,58.0 mg/L SO2,0.9964 g/cm³,pH 3.34,0.59 g/L,9.4% vol,Score: 6
221,7.4 g/L,0.53 g/L,0.26 g/L,2.0 g/L,0.101 g/L,16.0 mg/L SO2,72.0 mg/L SO2,0.9957 g/cm³,pH 3.15,0.57 g/L,9.4% vol,Score: 5
222,6.8 g/L,0.61 g/L,0.04 g/L,1.5 g/L,0.057 g/L,5.0 mg/L SO2,10.0 mg/L SO2,0.99525 g/cm³,pH 3.42,0.6 g/L,9.5% vol,Score: 5
223,8.6 g/L,0.645 g/L,0.25 g/L,2.0 g/L,0.083 g/L,8.0 mg/L SO2,28.0 mg/L SO2,0.99815 g/cm³,pH 3.28,0.6 g/L,10.0% vol,Score: 6
224,8.4 g/L,0.635 g/L,0.36 g/L,2.0 g/L,0.089 g/L,15.0 mg/L SO2,55.0 mg/L SO2,0.99745 g/cm³,pH 3.31,0.57 g/L,10.4% vol,Score: 4
225,7.7 g/L,0.43 g/L,0.25 g/L,2.6 g/L,0.073 g/L,29.0 mg/L SO2,63.0 mg/L SO2,0.99615 g/cm³,pH 3.37,0.58 g/L,10.5% vol,Score: 6
226,8.9 g/L,0.59 g/L,0.5 g/L,2.0 g/L,0.337 g/L,27.0 mg/L SO2,81.0 mg/L SO2,0.9964 g/cm³,pH 3.04,1.61 g/L,9.5% vol,Score: 6
227,9.0 g/L,0.82 g/L,0.14 g/L,2.6 g/L,0.089 g/L,9.0 mg/L SO2,23.0 mg/L SO2,0.9984 g/cm³,pH 3.39,0.63 g/L,9.8% vol,Score: 5
228,7.7 g/L,0.43 g/L,0.25 g/L,2.6 g/L,0.073 g/L,29.0 mg/L SO2,63.0 mg/L SO2,0.99615 g/cm³,pH 3.37,0.58 g/L,10.5% vol,Score: 6
229,6.9 g/L,0.52 g/L,0.25 g/L,2.6 g/L,0.081 g/L,10.0 mg/L SO2,37.0 mg/L SO2,0.99685 g/cm³,pH 3.46,0.5 g/L,11.0% vol,Score: 5
230,5.2 g/L,0.48 g/L,0.04 g/L,1.6 g/L,0.054 g/L,19.0 mg/L SO2,106.0 mg/L SO2,0.9927 g/cm³,pH 3.54,0.62 g/L,12.2% vol,Score: 7
231,8.0 g/L,0.38 g/L,0.06 g/L,1.8 g/L,0.078 g/L,12.0 mg/L SO2,49.0 mg/L SO2,0.99625 g/cm³,pH 3.37,0.52 g/L,9.9% vol,Score: 6
232,8.5 g/L,0.37 g/L,0.2 g/L,2.8 g/L,0.09 g/L,18.0 mg/L SO2,58.0 mg/L SO2,0.998 g/cm³,pH 3.34,0.7 g/L,9.6% vol,Score: 6
233,6.9 g/L,0.52 g/L,0.25 g/L,2.6 g/L,0.081 g/L,10.0 mg/L SO2,37.0 mg/L SO2,0.99685 g/cm³,pH 3.46,0.5 g/L,11.0% vol,Score: 5
234,8.2 g/L,1.0 g/L,0.09 g/L,2.3 g/L,0.065 g/L,7.0 mg/L SO2,37.0 mg/L SO2,0.99685 g/cm³,pH 3.32,0.55 g/L,9.0% vol,Score: 6
235,7.2 g/L,0.63 g/L,0.0 g/L,1.9 g/L,0.097 g/L,14.0 mg/L SO2,38.0 mg/L SO2,0.99675 g/cm³,pH 3.37,0.58 g/L,9.0% vol,Score: 6
236,7.2 g/L,0.63 g/L,0.0 g/L,1.9 g/L,0.097 g/L,14.0 mg/L SO2,38.0 mg/L SO2,0.99675 g/cm³,pH 3.37,0.58 g/L,9.0% vol,Score: 6
237,7.2 g/L,0.645 g/L,0.0 g/L,1.9 g/L,0.097 g/L,15.0 mg/L SO2,39.0 mg/L SO2,0.99675 g/cm³,pH 3.37,0.58 g/L,9.2% vol,Score: 6
238,7.2 g/L,0.63 g/L,0.0 g/L,1.9 g/L,0.097 g/L,14.0 mg/L SO2,38.0 mg/L SO2,0.99675 g/cm³,pH 3.37,0.58 g/L,9.0% vol,Score: 6
239,8.2 g/L,1.0 g/L,0.09 g/L,2.3 g/L,0.065 g/L,7.0 mg/L SO2,37.0 mg/L SO2,0.99685 g/cm³,pH 3.32,0.55 g/L,9.0% vol,Score: 6
240,8.9 g/L,0.635 g/L,0.37 g/L,1.7 g/L,0.263 g/L,5.0 mg/L SO2,62.0 mg/L SO2,0.9971 g/cm³,pH 3.0,1.09 g/L,9.3% vol,Score: 5
241,12.0 g/L,0.38 g/L,0.56 g/L,2.1 g/L,0.093 g/L,6.0 mg/L SO2,24.0 mg/L SO2,0.99925 g/cm³,pH 3.14,0.71 g/L,10.9% vol,Score: 6
242,7.7 g/L,0.58 g/L,0.1 g/L,1.8 g/L,0.102 g/L,28.0 mg/L SO2,109.0 mg/L SO2,0.99565 g/cm³,pH 3.08,0.49 g/L,9.8% vol,Score: 6
243,15.0 g/L,0.21 g/L,0.44 g/L,2.2 g/L,0.075 g/L,10.0 mg/L SO2,24.0 mg/L SO2,1.00005 g/cm³,pH 3.07,0.84 g/L,9.2% vol,Score: 7
244,15.0 g/L,0.21 g/L,0.44 g/L,2.2 g/L,0.075 g/L,10.0 mg/L SO2,24.0 mg/L SO2,1.00005 g/cm³,pH 3.07,0.84 g/L,9.2% vol,Score: 7
245,7.3 g/L,0.66 g/L,0.0 g/L,2.0 g/L,0.084 g/L,6.0 mg/L SO2,23.0 mg/L SO2,0.9983 g/cm³,pH 3.61,0.96 g/L,9.9% vol,Score: 6
246,7.1 g/L,0.68 g/L,0.07 g/L,1.9 g/L,0.075 g/L,16.0 mg/L SO2,51.0 mg/L SO2,0.99685 g/cm³,pH 3.38,0.52 g/L,9.5% vol,Score: 5
247,8.2 g/L,0.6 g/L,0.17 g/L,2.3 g/L,0.072 g/L,11.0 mg/L SO2,73.0 mg/L SO2,0.9963 g/cm³,pH 3.2,0.45 g/L,9.3% vol,Score: 5
248,7.7 g/L,0.53 g/L,0.06 g/L,1.7 g/L,0.074 g/L,9.0 mg/L SO2,39.0 mg/L SO2,0.99615 g/cm³,pH 3.35,0.48 g/L,9.8% vol,Score: 6
249,7.3 g/L,0.66 g/L,0.0 g/L,2.0 g/L,0.084 g/L,6.0 mg/L SO2,23.0 mg/L SO2,0.9983 g/cm³,pH 3.61,0.96 g/L,9.9% vol,Score: 6
250,10.8 g/L,0.32 g/L,0.44 g/L,1.6 g/L,0.063 g/L,16.0 mg/L SO2,37.0 mg/L SO2,0.9985 g/cm³,pH 3.22,0.78 g/L,10.0% vol,Score: 6
251,7.1 g/L,0.6 g/L,0.0 g/L,1.8 g/L,0.074 g/L,16.0 mg/L SO2,34.0 mg/L SO2,0.9972 g/cm³,pH 3.47,0.7 g/L,9.9% vol,Score: 6
252,11.1 g/L,0.35 g/L,0.48 g/L,3.1 g/L,0.09 g/L,5.0 mg/L SO2,21.0 mg/L SO2,0.9986 g/cm³,pH 3.17,0.53 g/L,10.5% vol,Score: 5
253,7.7 g/L,0.775 g/L,0.42 g/L,1.9 g/L,0.092 g/L,8.0 mg/L SO2,86.0 mg/L SO2,0.9959 g/cm³,pH 3.23,0.59 g/L,9.5% vol,Score: 5
254,7.1 g/L,0.6 g/L,0.0 g/L,1.8 g/L,0.074 g/L,16.0 mg/L SO2,34.0 mg/L SO2,0.9972 g/cm³,pH 3.47,0.7 g/L,9.9% vol,Score: 6
255,8.0 g/L,0.57 g/L,0.23 g/L,3.2 g/L,0.073 g/L,17.0 mg/L SO2,119.0 mg/L SO2,0.99675 g/cm³,pH 3.26,0.57 g/L,9.3% vol,Score: 5
256,9.4 g/L,0.34 g/L,0.37 g/L,2.2 g/L,0.075 g/L,5.0 mg/L SO2,13.0 mg/L SO2,0.998 g/cm³,pH 3.22,0.62 g/L,9.2% vol,Score: 5
257,6.6 g/L,0.695 g/L,0.0 g/L,2.1 g/L,0.075 g/L,12.0 mg/L SO2,56.0 mg/L SO2,0.9968 g/cm³,pH 3.49,0.67 g/L,9.2% vol,Score: 5
258,7.7 g/L,0.41 g/L,0.76 g/L,1.8 g/L,0.611 g/L,8.0 mg/L SO2,45.0 mg/L SO2,0.9968 g/cm³,pH 3.06,1.26 g/L,9.4% vol,Score: 5
259,10.0 g/L,0.31 g/L,0.47 g/L,2.6 g/L,0.085 g/L,14.0 mg/L SO2,33.0 mg/L SO2,0.99965 g/cm³,pH 3.36,0.8 g/L,10.5% vol,Score: 7
260,7.9 g/L,0.33 g/L,0.23 g/L,1.7 g/L,0.077 g/L,18.0 mg/L SO2,45.0 mg/L SO2,0.99625 g/cm³,pH 3.29,0.65 g/L,9.3% vol,Score: 5
261,7.0 g/L,0.975 g/L,0.04 g/L,2.0 g/L,0.087 g/L,12.0 mg/L SO2,67.0 mg/L SO2,0.99565 g/cm³,pH 3.35,0.6 g/L,9.4% vol,Score: 4
262,8.0 g/L,0.52 g/L,0.03 g/L,1.7 g/L,0.07 g/L,10.0 mg/L SO2,35.0 mg/L SO2,0.99575 g/cm³,pH 3.34,0.57 g/L,10.0% vol,Score: 5
263,7.9 g/L,0.37 g/L,0.23 g/L,1.8 g/L,0.077 g/L,23.0 mg/L SO2,49.0 mg/L SO2,0.9963 g/cm³,pH 3.28,0.67 g/L,9.3% vol,Score: 5
264,12.5 g/L,0.56 g/L,0.49 g/L,2.4 g/L,0.064 g/L,5.0 mg/L SO2,27.0 mg/L SO2,0.9999 g/cm³,pH 3.08,0.87 g/L,10.9% vol,Score: 5
265,11.8 g/L,0.26 g/L,0.52 g/L,1.8 g/L,0.071 g/L,6.0 mg/L SO2,10.0 mg/L SO2,0.9968 g/cm³,pH 3.2,0.72 g/L,10.2% vol,Score: 7
266,8.1 g/L,0.87 g/L,0.0 g/L,3.3 g/L,0.096 g/L,26.0 mg/L SO2,61.0 mg/L SO2,1.00025 g/cm³,pH 3.6,0.72 g/L,9.8% vol,Score: 4
267,7.9 g/L,0.35 g/L,0.46 g/L,3.6 g/L,0.078 g/L,15.0 mg/L SO2,37.0 mg/L SO2,0.9973 g/cm³,pH 3.35,0.86 g/L,12.8% vol,Score: 8
268,6.9 g/L,0.54 g/L,0.04 g/L,3.0 g/L,0.077 g/L,7.0 mg/L SO2,27.0 mg/L SO2,0.9987 g/cm³,pH 3.69,0.91 g/L,9.4% vol,Score: 6
269,11.5 g/L,0.18 g/L,0.51 g/L,4.0 g/L,0.104 g/L,4.0 mg/L SO2,23.0 mg/L SO2,0.9996 g/cm³,pH 3.28,0.97 g/L,10.1% vol,Score: 6
270,7.9 g/L,0.545 g/L,0.06 g/L,4.0 g/L,0.087 g/L,27.0 mg/L SO2,61.0 mg/L SO2,0.9965 g/cm³,pH 3.36,0.67 g/L,10.7% vol,Score: 6
271,11.5 g/L,0.18 g/L,0.51 g/L,4.0 g/L,0.104 g/L,4.0 mg/L SO2,23.0 mg/L SO2,0.9996 g/cm³,pH 3.28,0.97 g/L,10.1% vol,Score: 6
272,10.9 g/L,0.37 g/L,0.58 g/L,4.0 g/L,0.071 g/L,17.0 mg/L SO2,65.0 mg/L SO2,0.99935 g/cm³,pH 3.22,0.78 g/L,10.1% vol,Score: 5
273,8.4 g/L,0.715 g/L,0.2 g/L,2.4 g/L,0.076 g/L,10.0 mg/L SO2,38.0 mg/L SO2,0.99735 g/cm³,pH 3.31,0.64 g/L,9.4% vol,Score: 5
274,7.5 g/L,0.65 g/L,0.18 g/L,7.0 g/L,0.088 g/L,27.0 mg/L SO2,94.0 mg/L SO2,0.99915 g/cm³,pH 3.38,0.77 g/L,9.4% vol,Score: 5
275,7.9 g/L,0.545 g/L,0.06 g/L,4.0 g/L,0.087 g/L,27.0 mg/L SO2,61.0 mg/L SO2,0.9965 g/cm³,pH 3.36,0.67 g/L,10.7% vol,Score: 6
276,6.9 g/L,0.54 g/L,0.04 g/L,3.0 g/L,0.077 g/L,7.0 mg/L SO2,27.0 mg/L SO2,0.9987 g/cm³,pH 3.69,0.91 g/L,9.4% vol,Score: 6
277,11.5 g/L,0.18 g/L,0.51 g/L,4.0 g/L,0.104 g/L,4.0 mg/L SO2,23.0 mg/L SO2,0.9996 g/cm³,pH 3.28,0.97 g/L,10.1% vol,Score: 6
278,10.3 g/L,0.32 g/L,0.45 g/L,6.4 g/L,0.073 g/L,5.0 mg/L SO2,13.0 mg/L SO2,0.9976 g/cm³,pH 3.23,0.82 g/L,12.6% vol,Score: 8
279,8.9 g/L,0.4 g/L,0.32 g/L,5.6 g/L,0.087 g/L,10.0 mg/L SO2,47.0 mg/L SO2,0.9991 g/cm³,pH 3.38,0.77 g/L,10.5% vol,Score: 7
280,11.4 g/L,0.26 g/L,0.44 g/L,3.6 g/L,0.071 g/L,6.0 mg/L SO2,19.0 mg/L SO2,0.9986 g/cm³,pH 3.12,0.82 g/L,9.3% vol,Score: 6
281,7.7 g/L,0.27 g/L,0.68 g/L,3.5 g/L,0.358 g/L,5.0 mg/L SO2,10.0 mg/L SO2,0.9972 g/cm³,pH 3.25,1.08 g/L,9.9% vol,Score: 7
282,7.6 g/L,0.52 g/L,0.12 g/L,3.0 g/L,0.067 g/L,12.0 mg/L SO2,53.0 mg/L SO2,0.9971 g/cm³,pH 3.36,0.57 g/L,9.1% vol,Score: 5
283,8.9 g/L,0.4 g/L,0.32 g/L,5.6 g/L,0.087 g/L,10.0 mg/L SO2,47.0 mg/L SO2,0.9991 g/cm³,pH 3.38,0.77 g/L,10.5% vol,Score: 7
284,9.9 g/L,0.59 g/L,0.07 g/L,3.4 g/L,0.102 g/L,32.0 mg/L SO2,71.0 mg/L SO2,1.00015 g/cm³,pH 3.31,0.71 g/L,9.8% vol,Score: 5
285,9.9 g/L,0.59 g/L,0.07 g/L,3.4 g/L,0.102 g/L,32.0 mg/L SO2,71.0 mg/L SO2,1.00015 g/cm³,pH 3.31,0.71 g/L,9.8% vol,Score: 5
286,12.0 g/L,0.45 g/L,0.55 g/L,2.0 g/L,0.073 g/L,25.0 mg/L SO2,49.0 mg/L SO2,0.9997 g/cm³,pH 3.1,0.76 g/L,10.3% vol,Score: 6
287,7.5 g/L,0.4 g/L,0.12 g/L,3.0 g/L,0.092 g/L,29.0 mg/L SO2,53.0 mg/L SO2,0.9967 g/cm³,pH 3.37,0.7 g/L,10.3% vol,Score: 6
288,8.7 g/L,0.52 g/L,0.09 g/L,2.5 g/L,0.091 g/L,20.0 mg/L SO2,49.0 mg/L SO2,0.9976 g/cm³,pH 3.34,0.86 g/L,10.6% vol,Score: 7
289,11.6 g/L,0.42 g/L,0.53 g/L,3.3 g/L,0.105 g/L,33.0 mg/L SO2,98.0 mg/L SO2,1.001 g/cm³,pH 3.2,0.95 g/L,9.2% vol,Score: 5
290,8.7 g/L,0.52 g/L,0.09 g/L,2.5 g/L,0.091 g/L,20.0 mg/L SO2,49.0 mg/L SO2,0.9976 g/cm³,pH 3.34,0.86 g/L,10.6% vol,Score: 7
291,11.0 g/L,0.2 g/L,0.48 g/L,2.0 g/L,0.343 g/L,6.0 mg/L SO2,18.0 mg/L SO2,0.9979 g/cm³,pH 3.3,0.71 g/L,10.5% vol,Score: 5
292,10.4 g/L,0.55 g/L,0.23 g/L,2.7 g/L,0.091 g/L,18.0 mg/L SO2,48.0 mg/L SO2,0.9994 g/cm³,pH 3.22,0.64 g/L,10.3% vol,Score: 6
293,6.9 g/L,0.36 g/L,0.25 g/L,2.4 g/L,0.098 g/L,5.0 mg/L SO2,16.0 mg/L SO2,0.9964 g/cm³,pH 3.41,0.6 g/L,10.1% vol,Score: 6
294,13.3 g/L,0.34 g/L,0.52 g/L,3.2 g/L,0.094 g/L,17.0 mg/L SO2,53.0 mg/L SO2,1.0014 g/cm³,pH 3.05,0.81 g/L,9.5% vol,Score: 6
295,10.8 g/L,0.5 g/L,0.46 g/L,2.5 g/L,0.073 g/L,5.0 mg/L SO2,27.0 mg/L SO2,1.0001 g/cm³,pH 3.05,0.64 g/L,9.5% vol,Score: 5
296,10.6 g/L,0.83 g/L,0.37 g/L,2.6 g/L,0.086 g/L,26.0 mg/L SO2,70.0 mg/L SO2,0.9981 g/cm³,pH 3.16,0.52 g/L,9.9% vol,Score: 5
297,7.1 g/L,0.63 g/L,0.06 g/L,2.0 g/L,0.083 g/L,8.0 mg/L SO2,29.0 mg/L SO2,0.99855 g/cm³,pH 3.67,0.73 g/L,9.6% vol,Score: 5
298,7.2 g/L,0.65 g/L,0.02 g/L,2.3 g/L,0.094 g/L,5.0 mg/L SO2,31.0 mg/L SO2,0.9993 g/cm³,pH 3.67,0.8 g/L,9.7% vol,Score: 5
299,6.9 g/L,0.67 g/L,0.06 g/L,2.1 g/L,0.08 g/L,8.0 mg/L SO2,33.0 mg/L SO2,0.99845 g/cm³,pH 3.68,0.71 g/L,9.6% vol,Score: 5
300,7.5 g/L,0.53 g/L,0.06 g/L,2.6 g/L,0.086 g/L,20.0 mg/L SO2,44.0 mg/L SO2,0.9965 g/cm³,pH 3.38,0.59 g/L,10.7% vol,Score: 6
301,11.1 g/L,0.18 g/L,0.48 g/L,1.5 g/L,0.068 g/L,7.0 mg/L SO2,15.0 mg/L SO2,0.9973 g/cm³,pH 3.22,0.64 g/L,10.1% vol,Score: 6
302,8.3 g/L,0.705 g/L,0.12 g/L,2.6 g/L,0.092 g/L,12.0 mg/L SO2,28.0 mg/L SO2,0.9994 g/cm³,pH 3.51,0.72 g/L,10.0% vol,Score: 5
303,7.4 g/L,0.67 g/L,0.12 g/L,1.6 g/L,0.186 g/L,5.0 mg/L SO2,21.0 mg/L SO2,0.996 g/cm³,pH 3.39,0.54 g/L,9.5% vol,Score: 5
304,8.4 g/L,0.65 g/L,0.6 g/L,2.1 g/L,0.112 g/L,12.0 mg/L SO2,90.0 mg/L SO2,0.9973 g/cm³,pH 3.2,0.52 g/L,9.2% vol,Score: 5
305,10.3 g/L,0.53 g/L,0.48 g/L,2.5 g/L,0.063 g/L,6.0 mg/L SO2,25.0 mg/L SO2,0.9998 g/cm³,pH 3.12,0.59 g/L,9.3% vol,Score: 6
306,7.6 g/L,0.62 g/L,0.32 g/L,2.2 g/L,0.082 g/L,7.0 mg/L SO2,54.0 mg/L SO2,0.9966 g/cm³,pH 3.36,0.52 g/L,9.4% vol,Score: 5
307,10.3 g/L,0.41 g/L,0.42 g/L,2.4 g/L,0.213 g/L,6.0 mg/L SO2,14.0 mg/L SO2,0.9994 g/cm³,pH 3.19,0.62 g/L,9.5% vol,Score: 6
308,10.3 g/L,0.43 g/L,0.44 g/L,2.4 g/L,0.214 g/L,5.0 mg/L SO2,12.0 mg/L SO2,0.9994 g/cm³,pH 3.19,0.63 g/L,9.5% vol,Score: 6
309,7.4 g/L,0.29 g/L,0.38 g/L,1.7 g/L,0.062 g/L,9.0 mg/L SO2,30.0 mg/L SO2,0.9968 g/cm³,pH 3.41,0.53 g/L,9.5% vol,Score: 6
310,10.3 g/L,0.53 g/L,0.48 g/L,2.5 g/L,0.063 g/L,6.0 mg/L SO2,25.0 mg/L SO2,0.9998 g/cm³,pH 3.12,0.59 g/L,9.3% vol,Score: 6
311,7.9 g/L,0.53 g/L,0.24 g/L,2.0 g/L,0.072 g/L,15.0 mg/L SO2,105.0 mg/L SO2,0.996 g/cm³,pH 3.27,0.54 g/L,9.4% vol,Score: 6
312,9.0 g/L,0.46 g/L,0.31 g/L,2.8 g/L,0.093 g/L,19.0 mg/L SO2,98.0 mg/L SO2,0.99815 g/cm³,pH 3.32,0.63 g/L,9.5% vol,Score: 6
313,8.6 g/L,0.47 g/L,0.3 g/L,3.0 g/L,0.076 g/L,30.0 mg/L SO2,135.0 mg/L SO2,0.9976 g/cm³,pH 3.3,0.53 g/L,9.4% vol,Score: 5
314,7.4 g/L,0.36 g/L,0.29 g/L,2.6 g/L,0.087 g/L,26.0 mg/L SO2,72.0 mg/L SO2,0.99645 g/cm³,pH 3.39,0.68 g/L,11.0% vol,Score: 5
315,7.1 g/L,0.35 g/L,0.29 g/L,2.5 g/L,0.096 g/L,20.0 mg/L SO2,53.0 mg/L SO2,0.9962 g/cm³,pH 3.42,0.65 g/L,11.0% vol,Score: 6
316,9.6 g/L,0.56 g/L,0.23 g/L,3.4 g/L,0.102 g/L,37.0 mg/L SO2,92.0 mg/L SO2,0.9996 g/cm³,pH 3.3,0.65 g/L,10.1% vol,Score: 5
317,9.6 g/L,0.77 g/L,0.12 g/L,2.9 g/L,0.082 g/L,30.0 mg/L SO2,74.0 mg/L SO2,0.99865 g/cm³,pH 3.3,0.64 g/L,10.4% vol,Score: 6
318,9.8 g/L,0.66 g/L,0.39 g/L,3.2 g/L,0.083 g/L,21.0 mg/L SO2,59.0 mg/L SO2,0.9989 g/cm³,pH 3.37,0.71 g/L,11.5% vol,Score: 7
319,9.6 g/L,0.77 g/L,0.12 g/L,2.9 g/L,0.082 g/L,30.0 mg/L SO2,74.0 mg/L SO2,0.99865 g/cm³,pH 3.3,0.64 g/L,10.4% vol,Score: 6
320,9.8 g/L,0.66 g/L,0.39 g/L,3.2 g/L,0.083 g/L,21.0 mg/L SO2,59.0 mg/L SO2,0.9989 g/cm³,pH 3.37,0.71 g/L,11.5% vol,Score: 7
321,9.3 g/L,0.61 g/L,0.26 g/L,3.4 g/L,0.09 g/L,25.0 mg/L SO2,87.0 mg/L SO2,0.99975 g/cm³,pH 3.24,0.62 g/L,9.7% vol,Score: 5
322,7.8 g/L,0.62 g/L,0.05 g/L,2.3 g/L,0.079 g/L,6.0 mg/L SO2,18.0 mg/L SO2,0.99735 g/cm³,pH 3.29,0.63 g/L,9.3% vol,Score: 5
323,10.3 g/L,0.59 g/L,0.42 g/L,2.8 g/L,0.09 g/L,35.0 mg/L SO2,73.0 mg/L SO2,0.999 g/cm³,pH 3.28,0.7 g/L,9.5% vol,Score: 6
324,10.0 g/L,0.49 g/L,0.2 g/L,11.0 g/L,0.071 g/L,13.0 mg/L SO2,50.0 mg/L SO2,1.0015 g/cm³,pH 3.16,0.69 g/L,9.2% vol,Score: 6
325,10.0 g/L,0.49 g/L,0.2 g/L,11.0 g/L,0.071 g/L,13.0 mg/L SO2,50.0 mg/L SO2,1.0015 g/cm³,pH 3.16,0.69 g/L,9.2% vol,Score: 6
326,11.6 g/L,0.53 g/L,0.66 g/L,3.65 g/L,0.121 g/L,6.0 mg/L SO2,14.0 mg/L SO2,0.9978 g/cm³,pH 3.05,0.74 g/L,11.5% vol,Score: 7
327,10.3 g/L,0.44 g/L,0.5 g/L,4.5 g/L,0.107 g/L,5.0 mg/L SO2,13.0 mg/L SO2,0.998 g/cm³,pH 3.28,0.83 g/L,11.5% vol,Score: 5
328,13.4 g/L,0.27 g/L,0.62 g/L,2.6 g/L,0.082 g/L,6.0 mg/L SO2,21.0 mg/L SO2,1.0002 g/cm³,pH 3.16,0.67 g/L,9.7% vol,Score: 6
329,10.7 g/L,0.46 g/L,0.39 g/L,2.0 g/L,0.061 g/L,7.0 mg/L SO2,15.0 mg/L SO2,0.9981 g/cm³,pH 3.18,0.62 g/L,9.5% vol,Score: 5
330,10.2 g/L,0.36 g/L,0.64 g/L,2.9 g/L,0.122 g/L,10.0 mg/L SO2,41.0 mg/L SO2,0.998 g/cm³,pH 3.23,0.66 g/L,12.5% vol,Score: 6
331,10.2 g/L,0.36 g/L,0.64 g/L,2.9 g/L,0.122 g/L,10.0 mg/L SO2,41.0 mg/L SO2,0.998 g/cm³,pH 3.23,0.66 g/L,12.5% vol,Score: 6
332,8.0 g/L,0.58 g/L,0.28 g/L,3.2 g/L,0.066 g/L,21.0 mg/L SO2,114.0 mg/L SO2,0.9973 g/cm³,pH 3.22,0.54 g/L,9.4% vol,Score: 6
333,8.4 g/L,0.56 g/L,0.08 g/L,2.1 g/L,0.105 g/L,16.0 mg/L SO2,44.0 mg/L SO2,0.9958 g/cm³,pH 3.13,0.52 g/L,11.0% vol,Score: 5
334,7.9 g/L,0.65 g/L,0.01 g/L,2.5 g/L,0.078 g/L,17.0 mg/L SO2,38.0 mg/L SO2,0.9963 g/cm³,pH 3.34,0.74 g/L,11.7% vol,Score: 7
335,11.9 g/L,0.695 g/L,0.53 g/L,3.4 g/L,0.128 g/L,7.0 mg/L SO2,21.0 mg/L SO2,0.9992 g/cm³,pH 3.17,0.84 g/L,12.2% vol,Score: 7
336,8.9 g/L,0.43 g/L,0.45 g/L,1.9 g/L,0.052 g/L,6.0 mg/L SO2,16.0 mg/L SO2,0.9948 g/cm³,pH 3.35,0.7 g/L,12.5% vol,Score: 6
337,7.8 g/L,0.43 g/L,0.32 g/L,2.8 g/L,0.08 g/L,29.0 mg/L SO2,58.0 mg/L SO2,0.9974 g/cm³,pH 3.31,0.64 g/L,10.3% vol,Score: 5
338,12.4 g/L,0.49 g/L,0.58 g/L,3.0 g/L,0.103 g/L,28.0 mg/L SO2,99.0 mg/L SO2,1.0008 g/cm³,pH 3.16,1.0 g/L,11.5% vol,Score: 6
339,12.5 g/L,0.28 g/L,0.54 g/L,2.3 g/L,0.082 g/L,12.0 mg/L SO2,29.0 mg/L SO2,0.9997 g/cm³,pH 3.11,1.36 g/L,9.8% vol,Score: 7
340,12.2 g/L,0.34 g/L,0.5 g/L,2.4 g/L,0.066 g/L,10.0 mg/L SO2,21.0 mg/L SO2,1.0 g/cm³,pH 3.12,1.18 g/L,9.2% vol,Score: 6
341,10.6 g/L,0.42 g/L,0.48 g/L,2.7 g/L,0.065 g/L,5.0 mg/L SO2,18.0 mg/L SO2,0.9972 g/cm³,pH 3.21,0.87 g/L,11.3% vol,Score: 6
342,10.9 g/L,0.39 g/L,0.47 g/L,1.8 g/L,0.118 g/L,6.0 mg/L SO2,14.0 mg/L SO2,0.9982 g/cm³,pH 3.3,0.75 g/L,9.8% vol,Score: 6
343,10.9 g/L,0.39 g/L,0.47 g/L,1.8 g/L,0.118 g/L,6.0 mg/L SO2,14.0 mg/L SO2,0.9982 g/cm³,pH 3.3,0.75 g/L,9.8% vol,Score: 6
344,11.9 g/L,0.57 g/L,0.5 g/L,2.6 g/L,0.082 g/L,6.0 mg/L SO2,32.0 mg/L SO2,1.0006 g/cm³,pH 3.12,0.78 g/L,10.7% vol,Score: 6
345,7.0 g/L,0.685 g/L,0.0 g/L,1.9 g/L,0.067 g/L,40.0 mg/L SO2,63.0 mg/L SO2,0.9979 g/cm³,pH 3.6,0.81 g/L,9.9% vol,Score: 5
346,6.6 g/L,0.815 g/L,0.02 g/L,2.7 g/L,0.072 g/L,17.0 mg/L SO2,34.0 mg/L SO2,0.9955 g/cm³,pH 3.58,0.89 g/L,12.3% vol,Score: 7
347,13.8 g/L,0.49 g/L,0.67 g/L,3.0 g/L,0.093 g/L,6.0 mg/L SO2,15.0 mg/L SO2,0.9986 g/cm³,pH 3.02,0.93 g/L,12.0% vol,Score: 6
348,9.6 g/L,0.56 g/L,0.31 g/L,2.8 g/L,0.089 g/L,15.0 mg/L SO2,46.0 mg/L SO2,0.9979 g/cm³,pH 3.11,0.92 g/L,10.0% vol,Score: 6
349,9.1 g/L,0.785 g/L,0.0 g/L,2.6 g/L,0.093 g/L,11.0 mg/L SO2,28.0 mg/L SO2,0.9994 g/cm³,pH 3.36,0.86 g/L,9.4% vol,Score: 6
350,10.7 g/L,0.67 g/L,0.22 g/L,2.7 g/L,0.107 g/L,17.0 mg/L SO2,34.0 mg/L SO2,1.0004 g/cm³,pH 3.28,0.98 g/L,9.9% vol,Score: 6
351,9.1 g/L,0.795 g/L,0.0 g/L,2.6 g/L,0.096 g/L,11.0 mg/L SO2,26.0 mg/L SO2,0.9994 g/cm³,pH 3.35,0.83 g/L,9.4% vol,Score: 6
352,7.7 g/L,0.665 g/L,0.0 g/L,2.4 g/L,0.09 g/L,8.0 mg/L SO2,19.0 mg/L SO2,0.9974 g/cm³,pH 3.27,0.73 g/L,9.3% vol,Score: 5
353,13.5 g/L,0.53 g/L,0.79 g/L,4.8 g/L,0.12 g/L,23.0 mg/L SO2,77.0 mg/L SO2,1.0018 g/cm³,pH 3.18,0.77 g/L,13.0% vol,Score: 5
354,6.1 g/L,0.21 g/L,0.4 g/L,1.4 g/L,0.066 g/L,40.5 mg/L SO2,165.0 mg/L SO2,0.9912 g/cm³,pH 3.25,0.59 g/L,11.9% vol,Score: 6
355,6.7 g/L,0.75 g/L,0.01 g/L,2.4 g/L,0.078 g/L,17.0 mg/L SO2,32.0 mg/L SO2,0.9955 g/cm³,pH 3.55,0.61 g/L,12.8% vol,Score: 6
356,11.5 g/L,0.41 g/L,0.52 g/L,3.0 g/L,0.08 g/L,29.0 mg/L SO2,55.0 mg/L SO2,1.0001 g/cm³,pH 3.26,0.88 g/L,11.0% vol,Score: 5
357,10.5 g/L,0.42 g/L,0.66 g/L,2.95 g/L,0.116 g/L,12.0 mg/L SO2,29.0 mg/L SO2,0.997 g/cm³,pH 3.24,0.75 g/L,11.7% vol,Score: 7
358,11.9 g/L,0.43 g/L,0.66 g/L,3.1 g/L,0.109 g/L,10.0 mg/L SO2,23.0 mg/L SO2,1.0 g/cm³,pH 3.15,0.85 g/L,10.4% vol,Score: 7
359,12.6 g/L,0.38 g/L,0.66 g/L,2.6 g/L,0.088 g/L,10.0 mg/L SO2,41.0 mg/L SO2,1.001 g/cm³,pH 3.17,0.68 g/L,9.8% vol,Score: 6
360,8.2 g/L,0.7 g/L,0.23 g/L,2.0 g/L,0.099 g/L,14.0 mg/L SO2,81.0 mg/L SO2,0.9973 g/cm³,pH 3.19,0.7 g/L,9.4% vol,Score: 5
361,8.6 g/L,0.45 g/L,0.31 g/L,2.6 g/L,0.086 g/L,21.0 mg/L SO2,50.0 mg/L SO2,0.9982 g/cm³,pH 3.37,0.91 g/L,9.9% vol,Score: 6
362,11.9 g/L,0.58 g/L,0.66 g/L,2.5 g/L,0.072 g/L,6.0 mg/L SO2,37.0 mg/L SO2,0.9992 g/cm³,pH 3.05,0.56 g/L,10.0% vol,Score: 5
363,12.5 g/L,0.46 g/L,0.63 g/L,2.0 g/L,0.071 g/L,6.0 mg/L SO2,15.0 mg/L SO2,0.9988 g/cm³,pH 2.99,0.87 g/L,10.2% vol,Score: 5
364,12.8 g/L,0.615 g/L,0.66 g/L,5.8 g/L,0.083 g/L,7.0 mg/L SO2,42.0 mg/L SO2,1.0022 g/cm³,pH 3.07,0.73 g/L,10.0% vol,Score: 7
365,10.0 g/L,0.42 g/L,0.5 g/L,3.4 g/L,0.107 g/L,7.0 mg/L SO2,21.0 mg/L SO2,0.9979 g/cm³,pH 3.26,0.93 g/L,11.8% vol,Score: 6
366,12.8 g/L,0.615 g/L,0.66 g/L,5.8 g/L,0.083 g/L,7.0 mg/L SO2,42.0 mg/L SO2,1.0022 g/cm³,pH 3.07,0.73 g/L,10.0% vol,Score: 7
367,10.4 g/L,0.575 g/L,0.61 g/L,2.6 g/L,0.076 g/L,11.0 mg/L SO2,24.0 mg/L SO2,1.0 g/cm³,pH 3.16,0.69 g/L,9.0% vol,Score: 5
368,10.3 g/L,0.34 g/L,0.52 g/L,2.8 g/L,0.159 g/L,15.0 mg/L SO2,75.0 mg/L SO2,0.9998 g/cm³,pH 3.18,0.64 g/L,9.4% vol,Score: 5
369,9.4 g/L,0.27 g/L,0.53 g/L,2.4 g/L,0.074 g/L,6.0 mg/L SO2,18.0 mg/L SO2,0.9962 g/cm³,pH 3.2,1.13 g/L,12.0% vol,Score: 7
370,6.9 g/L,0.765 g/L,0.02 g/L,2.3 g/L,0.063 g/L,35.0 mg/L SO2,63.0 mg/L SO2,0.9975 g/cm³,pH 3.57,0.78 g/L,9.9% vol,Score: 5
371,7.9 g/L,0.24 g/L,0.4 g/L,1.6 g/L,0.056 g/L,11.0 mg/L SO2,25.0 mg/L SO2,0.9967 g/cm³,pH 3.32,0.87 g/L,8.7% vol,Score: 6
372,9.1 g/L,0.28 g/L,0.48 g/L,1.8 g/L,0.067 g/L,26.0 mg/L SO2,46.0 mg/L SO2,0.9967 g/cm³,pH 3.32,1.04 g/L,10.6% vol,Score: 6
373,7.4 g/L,0.55 g/L,0.22 g/L,2.2 g/L,0.106 g/L,12.0 mg/L SO2,72.0 mg/L SO2,0.9959 g/cm³,pH 3.05,0.63 g/L,9.2% vol,Score: 5
374,14.0 g/L,0.41 g/L,0.63 g/L,3.8 g/L,0.089 g/L,6.0 mg/L SO2,47.0 mg/L SO2,1.0014 g/cm³,pH 3.01,0.81 g/L,10.8% vol,Score: 6
375,11.5 g/L,0.54 g/L,0.71 g/L,4.4 g/L,0.124 g/L,6.0 mg/L SO2,15.0 mg/L SO2,0.9984 g/cm³,pH 3.01,0.83 g/L,11.8% vol,Score: 7
376,11.5 g/L,0.45 g/L,0.5 g/L,3.0 g/L,0.078 g/L,19.0 mg/L SO2,47.0 mg/L SO2,1.0003 g/cm³,pH 3.26,1.11 g/L,11.0% vol,Score: 6
377,9.4 g/L,0.27 g/L,0.53 g/L,2.4 g/L,0.074 g/L,6.0 mg/L SO2,18.0 mg/L SO2,0.9962 g/cm³,pH 3.2,1.13 g/L,12.0% vol,Score: 7
378,11.4 g/L,0.625 g/L,0.66 g/L,6.2 g/L,0.088 g/L,6.0 mg/L SO2,24.0 mg/L SO2,0.9988 g/cm³,pH 3.11,0.99 g/L,13.3% vol,Score: 6
379,8.3 g/L,0.42 g/L,0.38 g/L,2.5 g/L,0.094 g/L,24.0 mg/L SO2,60.0 mg/L SO2,0.9979 g/cm³,pH 3.31,0.7 g/L,10.8% vol,Score: 6
380,8.3 g/L,0.26 g/L,0.42 g/L,2.0 g/L,0.08 g/L,11.0 mg/L SO2,27.0 mg/L SO2,0.9974 g/cm³,pH 3.21,0.8 g/L,9.4% vol,Score: 6
381,13.7 g/L,0.415 g/L,0.68 g/L,2.9 g/L,0.085 g/L,17.0 mg/L SO2,43.0 mg/L SO2,1.0014 g/cm³,pH 3.06,0.8 g/L,10.0% vol,Score: 6
382,8.3 g/L,0.26 g/L,0.42 g/L,2.0 g/L,0.08 g/L,11.0 mg/L SO2,27.0 mg/L SO2,0.9974 g/cm³,pH 3.21,0.8 g/L,9.4% vol,Score: 6
383,8.3 g/L,0.26 g/L,0.42 g/L,2.0 g/L,0.08 g/L,11.0 mg/L SO2,27.0 mg/L SO2,0.9974 g/cm³,pH 3.21,0.8 g/L,9.4% vol,Score: 6
384,7.7 g/L,0.51 g/L,0.28 g/L,2.1 g/L,0.087 g/L,23.0 mg/L SO2,54.0 mg/L SO2,0.998 g/cm³,pH 3.42,0.74 g/L,9.2% vol,Score: 5
385,7.4 g/L,0.63 g/L,0.07 g/L,2.4 g/L,0.09 g/L,11.0 mg/L SO2,37.0 mg/L SO2,0.9979 g/cm³,pH 3.43,0.76 g/L,9.7% vol,Score: 6
386,7.8 g/L,0.54 g/L,0.26 g/L,2.0 g/L,0.088 g/L,23.0 mg/L SO2,48.0 mg/L SO2,0.9981 g/cm³,pH 3.41,0.74 g/L,9.2% vol,Score: 6
387,8.3 g/L,0.66 g/L,0.15 g/L,1.9 g/L,0.079 g/L,17.0 mg/L SO2,42.0 mg/L SO2,0.9972 g/cm³,pH 3.31,0.54 g/L,9.6% vol,Score: 6
388,7.8 g/L,0.46 g/L,0.26 g/L,1.9 g/L,0.088 g/L,23.0 mg/L SO2,53.0 mg/L SO2,0.9981 g/cm³,pH 3.43,0.74 g/L,9.2% vol,Score: 6
389,9.6 g/L,0.38 g/L,0.31 g/L,2.5 g/L,0.096 g/L,16.0 mg/L SO2,49.0 mg/L SO2,0.9982 g/cm³,pH 3.19,0.7 g/L,10.0% vol,Score: 7
390,5.6 g/L,0.85 g/L,0.05 g/L,1.4 g/L,0.045 g/L,12.0 mg/L SO2,88.0 mg/L SO2,0.9924 g/cm³,pH 3.56,0.82 g/L,12.9% vol,Score: 8
391,13.7 g/L,0.415 g/L,0.68 g/L,2.9 g/L,0.085 g/L,17.0 mg/L SO2,43.0 mg/L SO2,1.0014 g/cm³,pH 3.06,0.8 g/L,10.0% vol,Score: 6
392,9.5 g/L,0.37 g/L,0.52 g/L,2.0 g/L,0.082 g/L,6.0 mg/L SO2,26.0 mg/L SO2,0.998 g/cm³,pH 3.18,0.51 g/L,9.5% vol,Score: 5
393,8.4 g/L,0.665 g/L,0.61 g/L,2.0 g/L,0.112 g/L,13.0 mg/L SO2,95.0 mg/L SO2,0.997 g/cm³,pH 3.16,0.54 g/L,9.1% vol,Score: 5
394,12.7 g/L,0.6 g/L,0.65 g/L,2.3 g/L,0.063 g/L,6.0 mg/L SO2,25.0 mg/L SO2,0.9997 g/cm³,pH 3.03,0.57 g/L,9.9% vol,Score: 5
395,12.0 g/L,0.37 g/L,0.76 g/L,4.2 g/L,0.066 g/L,7.0 mg/L SO2,38.0 mg/L SO2,1.0004 g/cm³,pH 3.22,0.6 g/L,13.0% vol,Score: 7
396,6.6 g/L,0.735 g/L,0.02 g/L,7.9 g/L,0.122 g/L,68.0 mg/L SO2,124.0 mg/L SO2,0.9994 g/cm³,pH 3.47,0.53 g/L,9.9% vol,Score: 5
397,11.5 g/L,0.59 g/L,0.59 g/L,2.6 g/L,0.087 g/L,13.0 mg/L SO2,49.0 mg/L SO2,0.9988 g/cm³,pH 3.18,0.65 g/L,11.0% vol,Score: 6
398,11.5 g/L,0.59 g/L,0.59 g/L,2.6 g/L,0.087 g/L,13.0 mg/L SO2,49.0 mg/L SO2,0.9988 g/cm³,pH 3.18,0.65 g/L,11.0% vol,Score: 6
399,8.7 g/L,0.765 g/L,0.22 g/L,2.3 g/L,0.064 g/L,9.0 mg/L SO2,42.0 mg/L SO2,0.9963 g/cm³,pH 3.1,0.55 g/L,9.4% vol,Score: 5
400,6.6 g/L,0.735 g/L,0.02 g/L,7.9 g/L,0.122 g/L,68.0 mg/L SO2,124.0 mg/L SO2,0.9994 g/cm³,pH 3.47,0.53 g/L,9.9% vol,Score: 5
401,7.7 g/L,0.26 g/L,0.3 g/L,1.7 g/L,0.059 g/L,20.0 mg/L SO2,38.0 mg/L SO2,0.9949 g/cm³,pH 3.29,0.47 g/L,10.8% vol,Score: 6
402,12.2 g/L,0.48 g/L,0.54 g/L,2.6 g/L,0.085 g/L,19.0 mg/L SO2,64.0 mg/L SO2,1.0 g/cm³,pH 3.1,0.61 g/L,10.5% vol,Score: 6
403,11.4 g/L,0.6 g/L,0.49 g/L,2.7 g/L,0.085 g/L,10.0 mg/L SO2,41.0 mg/L SO2,0.9994 g/cm³,pH 3.15,0.63 g/L,10.5% vol,Score: 6
404,7.7 g/L,0.69 g/L,0.05 g/L,2.7 g/L,0.075 g/L,15.0 mg/L SO2,27.0 mg/L SO2,0.9974 g/cm³,pH 3.26,0.61 g/L,9.1% vol,Score: 5
405,8.7 g/L,0.31 g/L,0.46 g/L,1.4 g/L,0.059 g/L,11.0 mg/L SO2,25.0 mg/L SO2,0.9966 g/cm³,pH 3.36,0.76 g/L,10.1% vol,Score: 6
406,9.8 g/L,0.44 g/L,0.47 g/L,2.5 g/L,0.063 g/L,9.0 mg/L SO2,28.0 mg/L SO2,0.9981 g/cm³,pH 3.24,0.65 g/L,10.8% vol,Score: 6
407,12.0 g/L,0.39 g/L,0.66 g/L,3.0 g/L,0.093 g/L,12.0 mg/L SO2,30.0 mg/L SO2,0.9996 g/cm³,pH 3.18,0.63 g/L,10.8% vol,Score: 7
408,10.4 g/L,0.34 g/L,0.58 g/L,3.7 g/L,0.174 g/L,6.0 mg/L SO2,16.0 mg/L SO2,0.997 g/cm³,pH 3.19,0.7 g/L,11.3% vol,Score: 6
409,12.5 g/L,0.46 g/L,0.49 g/L,4.5 g/L,0.07 g/L,26.0 mg/L SO2,49.0 mg/L SO2,0.9981 g/cm³,pH 3.05,0.57 g/L,9.6% vol,Score: 4
410,9.0 g/L,0.43 g/L,0.34 g/L,2.5 g/L,0.08 g/L,26.0 mg/L SO2,86.0 mg/L SO2,0.9987 g/cm³,pH 3.38,0.62 g/L,9.5% vol,Score: 6
411,9.1 g/L,0.45 g/L,0.35 g/L,2.4 g/L,0.08 g/L,23.0 mg/L SO2,78.0 mg/L SO2,0.9987 g/cm³,pH 3.38,0.62 g/L,9.5% vol,Score: 5
412,7.1 g/L,0.735 g/L,0.16 g/L,1.9 g/L,0.1 g/L,15.0 mg/L SO2,77.0 mg/L SO2,0.9966 g/cm³,pH 3.27,0.64 g/L,9.3% vol,Score: 5
413,9.9 g/L,0.4 g/L,0.53 g/L,6.7 g/L,0.097 g/L,6.0 mg/L SO2,19.0 mg/L SO2,0.9986 g/cm³,pH 3.27,0.82 g/L,11.7% vol,Score: 7
414,8.8 g/L,0.52 g/L,0.34 g/L,2.7 g/L,0.087 g/L,24.0 mg/L SO2,122.0 mg/L SO2,0.9982 g/cm³,pH 3.26,0.61 g/L,9.5% vol,Score: 5
415,8.6 g/L,0.725 g/L,0.24 g/L,6.6 g/L,0.117 g/L,31.0 mg/L SO2,134.0 mg/L SO2,1.0014 g/cm³,pH 3.32,1.07 g/L,9.3% vol,Score: 5
416,10.6 g/L,0.48 g/L,0.64 g/L,2.2 g/L,0.111 g/L,6.0 mg/L SO2,20.0 mg/L SO2,0.997 g/cm³,pH 3.26,0.66 g/L,11.7% vol,Score: 6
417,7.0 g/L,0.58 g/L,0.12 g/L,1.9 g/L,0.091 g/L,34.0 mg/L SO2,124.0 mg/L SO2,0.9956 g/cm³,pH 3.44,0.48 g/L,10.5% vol,Score: 5
418,11.9 g/L,0.38 g/L,0.51 g/L,2.0 g/L,0.121 g/L,7.0 mg/L SO2,20.0 mg/L SO2,0.9996 g/cm³,pH 3.24,0.76 g/L,10.4% vol,Score: 6
419,6.8 g/L,0.77 g/L,0.0 g/L,1.8 g/L,0.066 g/L,34.0 mg/L SO2,52.0 mg/L SO2,0.9976 g/cm³,pH 3.62,0.68 g/L,9.9% vol,Score: 5
420,9.5 g/L,0.56 g/L,0.33 g/L,2.4 g/L,0.089 g/L,35.0 mg/L SO2,67.0 mg/L SO2,0.9972 g/cm³,pH 3.28,0.73 g/L,11.8% vol,Score: 7
421,6.6 g/L,0.84 g/L,0.03 g/L,2.3 g/L,0.059 g/L,32.0 mg/L SO2,48.0 mg/L SO2,0.9952 g/cm³,pH 3.52,0.56 g/L,12.3% vol,Score: 7
422,7.7 g/L,0.96 g/L,0.2 g/L,2.0 g/L,0.047 g/L,15.0 mg/L SO2,60.0 mg/L SO2,0.9955 g/cm³,pH 3.36,0.44 g/L,10.9% vol,Score: 5
423,10.5 g/L,0.24 g/L,0.47 g/L,2.1 g/L,0.066 g/L,6.0 mg/L SO2,24.0 mg/L SO2,0.9978 g/cm³,pH 3.15,0.9 g/L,11.0% vol,Score: 7
424,7.7 g/L,0.96 g/L,0.2 g/L,2.0 g/L,0.047 g/L,15.0 mg/L SO2,60.0 mg/L SO2,0.9955 g/cm³,pH 3.36,0.44 g/L,10.9% vol,Score: 5
425,6.6 g/L,0.84 g/L,0.03 g/L,2.3 g/L,0.059 g/L,32.0 mg/L SO2,48.0 mg/L SO2,0.9952 g/cm³,pH 3.52,0.56 g/L,12.3% vol,Score: 7
426,6.4 g/L,0.67 g/L,0.08 g/L,2.1 g/L,0.045 g/L,19.0 mg/L SO2,48.0 mg/L SO2,0.9949 g/cm³,pH 3.49,0.49 g/L,11.4% vol,Score: 6
427,9.5 g/L,0.78 g/L,0.22 g/L,1.9 g/L,0.077 g/L,6.0 mg/L SO2,32.0 mg/L SO2,0.9988 g/cm³,pH 3.26,0.56 g/L,10.6% vol,Score: 6
428,9.1 g/L,0.52 g/L,0.33 g/L,1.3 g/L,0.07 g/L,9.0 mg/L SO2,30.0 mg/L SO2,0.9978 g/cm³,pH 3.24,0.6 g/L,9.3% vol,Score: 5
429,12.8 g/L,0.84 g/L,0.63 g/L,2.4 g/L,0.088 g/L,13.0 mg/L SO2,35.0 mg/L SO2,0.9997 g/cm³,pH 3.1,0.6 g/L,10.4% vol,Score: 6
430,10.5 g/L,0.24 g/L,0.47 g/L,2.1 g/L,0.066 g/L,6.0 mg/L SO2,24.0 mg/L SO2,0.9978 g/cm³,pH 3.15,0.9 g/L,11.0% vol,Score: 7
431,7.8 g/L,0.55 g/L,0.35 g/L,2.2 g/L,0.074 g/L,21.0 mg/L SO2,66.0 mg/L SO2,0.9974 g/cm³,pH 3.25,0.56 g/L,9.2% vol,Score: 5
432,11.9 g/L,0.37 g/L,0.69 g/L,2.3 g/L,0.078 g/L,12.0 mg/L SO2,24.0 mg/L SO2,0.9958 g/cm³,pH 3.0,0.65 g/L,12.8% vol,Score: 6
433,12.3 g/L,0.39 g/L,0.63 g/L,2.3 g/L,0.091 g/L,6.0 mg/L SO2,18.0 mg/L SO2,1.0004 g/cm³,pH 3.16,0.49 g/L,9.5% vol,Score: 5
434,10.4 g/L,0.41 g/L,0.55 g/L,3.2 g/L,0.076 g/L,22.0 mg/L SO2,54.0 mg/L SO2,0.9996 g/cm³,pH 3.15,0.89 g/L,9.9% vol,Score: 6
435,12.3 g/L,0.39 g/L,0.63 g/L,2.3 g/L,0.091 g/L,6.0 mg/L SO2,18.0 mg/L SO2,1.0004 g/cm³,pH 3.16,0.49 g/L,9.5% vol,Score: 5
436,8.0 g/L,0.67 g/L,0.3 g/L,2.0 g/L,0.06 g/L,38.0 mg/L SO2,62.0 mg/L SO2,0.9958 g/cm³,pH 3.26,0.56 g/L,10.2% vol,Score: 6
437,11.1 g/L,0.45 g/L,0.73 g/L,3.2 g/L,0.066 g/L,6.0 mg/L SO2,22.0 mg/L SO2,0.9986 g/cm³,pH 3.17,0.66 g/L,11.2% vol,Score: 6
438,10.4 g/L,0.41 g/L,0.55 g/L,3.2 g/L,0.076 g/L,22.0 mg/L SO2,54.0 mg/L SO2,0.9996 g/cm³,pH 3.15,0.89 g/L,9.9% vol,Score: 6
439,7.0 g/L,0.62 g/L,0.18 g/L,1.5 g/L,0.062 g/L,7.0 mg/L SO2,50.0 mg/L SO2,0.9951 g/cm³,pH 3.08,0.6 g/L,9.3% vol,Score: 5
440,12.6 g/L,0.31 g/L,0.72 g/L,2.2 g/L,0.072 g/L,6.0 mg/L SO2,29.0 mg/L SO2,0.9987 g/cm³,pH 2.88,0.82 g/L,9.8% vol,Score: 8
441,11.9 g/L,0.4 g/L,0.65 g/L,2.15 g/L,0.068 g/L,7.0 mg/L SO2,27.0 mg/L SO2,0.9988 g/cm³,pH 3.06,0.68 g/L,11.3% vol,Score: 6
442,15.6 g/L,0.685 g/L,0.76 g/L,3.7 g/L,0.1 g/L,6.0 mg/L SO2,43.0 mg/L SO2,1.0032 g/cm³,pH 2.95,0.68 g/L,11.2% vol,Score: 7
443,10.0 g/L,0.44 g/L,0.49 g/L,2.7 g/L,0.077 g/L,11.0 mg/L SO2,19.0 mg/L SO2,0.9963 g/cm³,pH 3.23,0.63 g/L,11.6% vol,Score: 7
444,5.3 g/L,0.57 g/L,0.01 g/L,1.7 g/L,0.054 g/L,5.0 mg/L SO2,27.0 mg/L SO2,0.9934 g/cm³,pH 3.57,0.84 g/L,12.5% vol,Score: 7
445,9.5 g/L,0.735 g/L,0.1 g/L,2.1 g/L,0.079 g/L,6.0 mg/L SO2,31.0 mg/L SO2,0.9986 g/cm³,pH 3.23,0.56 g/L,10.1% vol,Score: 6
446,12.5 g/L,0.38 g/L,0.6 g/L,2.6 g/L,0.081 g/L,31.0 mg/L SO2,72.0 mg/L SO2,0.9996 g/cm³,pH 3.1,0.73 g/L,10.5% vol,Score: 5
447,9.3 g/L,0.48 g/L,0.29 g/L,2.1 g/L,0.127 g/L,6.0 mg/L SO2,16.0 mg/L SO2,0.9968 g/cm³,pH 3.22,0.72 g/L,11.2% vol,Score: 5
448,8.6 g/L,0.53 g/L,0.22 g/L,2.0 g/L,0.1 g/L,7.0 mg/L SO2,27.0 mg/L SO2,0.9967 g/cm³,pH 3.2,0.56 g/L,10.2% vol,Score: 6
449,11.9 g/L,0.39 g/L,0.69 g/L,2.8 g/L,0.095 g/L,17.0 mg/L SO2,35.0 mg/L SO2,0.9994 g/cm³,pH 3.1,0.61 g/L,10.8% vol,Score: 6
450,11.9 g/L,0.39 g/L,0.69 g/L,2.8 g/L,0.095 g/L,17.0 mg/L SO2,35.0 mg/L SO2,0.9994 g/cm³,pH 3.1,0.61 g/L,10.8% vol,Score: 6
451,8.4 g/L,0.37 g/L,0.53 g/L,1.8 g/L,0.413 g/L,9.0 mg/L SO2,26.0 mg/L SO2,0.9979 g/cm³,pH 3.06,1.06 g/L,9.1% vol,Score: 6
452,6.8 g/L,0.56 g/L,0.03 g/L,1.7 g/L,0.084 g/L,18.0 mg/L SO2,35.0 mg/L SO2,0.9968 g/cm³,pH 3.44,0.63 g/L,10.0% vol,Score: 6
453,10.4 g/L,0.33 g/L,0.63 g/L,2.8 g/L,0.084 g/L,5.0 mg/L SO2,22.0 mg/L SO2,0.9998 g/cm³,pH 3.26,0.74 g/L,11.2% vol,Score: 7
454,7.0 g/L,0.23 g/L,0.4 g/L,1.6 g/L,0.063 g/L,21.0 mg/L SO2,67.0 mg/L SO2,0.9952 g/cm³,pH 3.5,0.63 g/L,11.1% vol,Score: 5
455,11.3 g/L,0.62 g/L,0.67 g/L,5.2 g/L,0.086 g/L,6.0 mg/L SO2,19.0 mg/L SO2,0.9988 g/cm³,pH 3.22,0.69 g/L,13.4% vol,Score: 8
456,8.9 g/L,0.59 g/L,0.39 g/L,2.3 g/L,0.095 g/L,5.0 mg/L SO2,22.0 mg/L SO2,0.9986 g/cm³,pH 3.37,0.58 g/L,10.3% vol,Score: 5
457,9.2 g/L,0.63 g/L,0.21 g/L,2.7 g/L,0.097 g/L,29.0 mg/L SO2,65.0 mg/L SO2,0.9988 g/cm³,pH 3.28,0.58 g/L,9.6% vol,Score: 5
458,10.4 g/L,0.33 g/L,0.63 g/L,2.8 g/L,0.084 g/L,5.0 mg/L SO2,22.0 mg/L SO2,0.9998 g/cm³,pH 3.26,0.74 g/L,11.2% vol,Score: 7
459,11.6 g/L,0.58 g/L,0.66 g/L,2.2 g/L,0.074 g/L,10.0 mg/L SO2,47.0 mg/L SO2,1.0008 g/cm³,pH 3.25,0.57 g/L,9.0% vol,Score: 3
460,9.2 g/L,0.43 g/L,0.52 g/L,2.3 g/L,0.083 g/L,14.0 mg/L SO2,23.0 mg/L SO2,0.9976 g/cm³,pH 3.35,0.61 g/L,11.3% vol,Score: 6
461,8.3 g/L,0.615 g/L,0.22 g/L,2.6 g/L,0.087 g/L,6.0 mg/L SO2,19.0 mg/L SO2,0.9982 g/cm³,pH 3.26,0.61 g/L,9.3% vol,Score: 5
462,11.0 g/L,0.26 g/L,0.68 g/L,2.55 g/L,0.085 g/L,10.0 mg/L SO2,25.0 mg/L SO2,0.997 g/cm³,pH 3.18,0.61 g/L,11.8% vol,Score: 5
463,8.1 g/L,0.66 g/L,0.7 g/L,2.2 g/L,0.098 g/L,25.0 mg/L SO2,129.0 mg/L SO2,0.9972 g/cm³,pH 3.08,0.53 g/L,9.0% vol,Score: 5
464,11.5 g/L,0.315 g/L,0.54 g/L,2.1 g/L,0.084 g/L,5.0 mg/L SO2,15.0 mg/L SO2,0.9987 g/cm³,pH 2.98,0.7 g/L,9.2% vol,Score: 6
465,10.0 g/L,0.29 g/L,0.4 g/L,2.9 g/L,0.098 g/L,10.0 mg/L SO2,26.0 mg/L SO2,1.0006 g/cm³,pH 3.48,0.91 g/L,9.7% vol,Score: 5
466,10.3 g/L,0.5 g/L,0.42 g/L,2.0 g/L,0.069 g/L,21.0 mg/L SO2,51.0 mg/L SO2,0.9982 g/cm³,pH 3.16,0.72 g/L,11.5% vol,Score: 6
467,8.8 g/L,0.46 g/L,0.45 g/L,2.6 g/L,0.065 g/L,7.0 mg/L SO2,18.0 mg/L SO2,0.9947 g/cm³,pH 3.32,0.79 g/L,14.0% vol,Score: 6
468,11.4 g/L,0.36 g/L,0.69 g/L,2.1 g/L,0.09 g/L,6.0 mg/L SO2,21.0 mg/L SO2,1.0 g/cm³,pH 3.17,0.62 g/L,9.2% vol,Score: 6
469,8.7 g/L,0.82 g/L,0.02 g/L,1.2 g/L,0.07 g/L,36.0 mg/L SO2,48.0 mg/L SO2,0.9952 g/cm³,pH 3.2,0.58 g/L,9.8% vol,Score: 5
470,13.0 g/L,0.32 g/L,0.65 g/L,2.6 g/L,0.093 g/L,15.0 mg/L SO2,47.0 mg/L SO2,0.9996 g/cm³,pH 3.05,0.61 g/L,10.6% vol,Score: 5
471,9.6 g/L,0.54 g/L,0.42 g/L,2.4 g/L,0.081 g/L,25.0 mg/L SO2,52.0 mg/L SO2,0.997 g/cm³,pH 3.2,0.71 g/L,11.4% vol,Score: 6
472,12.5 g/L,0.37 g/L,0.55 g/L,2.6 g/L,0.083 g/L,25.0 mg/L SO2,68.0 mg/L SO2,0.9995 g/cm³,pH 3.15,0.82 g/L,10.4% vol,Score: 6
473,9.9 g/L,0.35 g/L,0.55 g/L,2.1 g/L,0.062 g/L,5.0 mg/L SO2,14.0 mg/L SO2,0.9971 g/cm³,pH 3.26,0.79 g/L,10.6% vol,Score: 5
474,10.5 g/L,0.28 g/L,0.51 g/L,1.7 g/L,0.08 g/L,10.0 mg/L SO2,24.0 mg/L SO2,0.9982 g/cm³,pH 3.2,0.89 g/L,9.4% vol,Score: 6
475,9.6 g/L,0.68 g/L,0.24 g/L,2.2 g/L,0.087 g/L,5.0 mg/L SO2,28.0 mg/L SO2,0.9988 g/cm³,pH 3.14,0.6 g/L,10.2% vol,Score: 5
476,9.3 g/L,0.27 g/L,0.41 g/L,2.0 g/L,0.091 g/L,6.0 mg/L SO2,16.0 mg/L SO2,0.998 g/cm³,pH 3.28,0.7 g/L,9.7% vol,Score: 5
477,10.4 g/L,0.24 g/L,0.49 g/L,1.8 g/L,0.075 g/L,6.0 mg/L SO2,20.0 mg/L SO2,0.9977 g/cm³,pH 3.18,1.06 g/L,11.0% vol,Score: 6
478,9.6 g/L,0.68 g/L,0.24 g/L,2.2 g/L,0.087 g/L,5.0 mg/L SO2,28.0 mg/L SO2,0.9988 g/cm³,pH 3.14,0.6 g/L,10.2% vol,Score: 5
479,9.4 g/L,0.685 g/L,0.11 g/L,2.7 g/L,0.077 g/L,6.0 mg/L SO2,31.0 mg/L SO2,0.9984 g/cm³,pH 3.19,0.7 g/L,10.1% vol,Score: 6
480,10.6 g/L,0.28 g/L,0.39 g/L,15.5 g/L,0.069 g/L,6.0 mg/L SO2,23.0 mg/L SO2,1.0026 g/cm³,pH 3.12,0.66 g/L,9.2% vol,Score: 5
481,9.4 g/L,0.3 g/L,0.56 g/L,2.8 g/L,0.08 g/L,6.0 mg/L SO2,17.0 mg/L SO2,0.9964 g/cm³,pH 3.15,0.92 g/L,11.7% vol,Score: 8
482,10.6 g/L,0.36 g/L,0.59 g/L,2.2 g/L,0.152 g/L,6.0 mg/L SO2,18.0 mg/L SO2,0.9986 g/cm³,pH 3.04,1.05 g/L,9.4% vol,Score: 5
483,10.6 g/L,0.36 g/L,0.6 g/L,2.2 g/L,0.152 g/L,7.0 mg/L SO2,18.0 mg/L SO2,0.9986 g/cm³,pH 3.04,1.06 g/L,9.4% vol,Score: 5
484,10.6 g/L,0.44 g/L,0.68 g/L,4.1 g/L,0.114 g/L,6.0 mg/L SO2,24.0 mg/L SO2,0.997 g/cm³,pH 3.06,0.66 g/L,13.4% vol,Score: 6
485,10.2 g/L,0.67 g/L,0.39 g/L,1.9 g/L,0.054 g/L,6.0 mg/L SO2,17.0 mg/L SO2,0.9976 g/cm³,pH 3.17,0.47 g/L,10.0% vol,Score: 5
486,10.2 g/L,0.67 g/L,0.39 g/L,1.9 g/L,0.054 g/L,6.0 mg/L SO2,17.0 mg/L SO2,0.9976 g/cm³,pH 3.17,0.47 g/L,10.0% vol,Score: 5
487,10.2 g/L,0.645 g/L,0.36 g/L,1.8 g/L,0.053 g/L,5.0 mg/L SO2,14.0 mg/L SO2,0.9982 g/cm³,pH 3.17,0.42 g/L,10.0% vol,Score: 6
488,11.6 g/L,0.32 g/L,0.55 g/L,2.8 g/L,0.081 g/L,35.0 mg/L SO2,67.0 mg/L SO2,1.0002 g/cm³,pH 3.32,0.92 g/L,10.8% vol,Score: 7
489,9.3 g/L,0.39 g/L,0.4 g/L,2.6 g/L,0.073 g/L,10.0 mg/L SO2,26.0 mg/L SO2,0.9984 g/cm³,pH 3.34,0.75 g/L,10.2% vol,Score: 6
490,9.3 g/L,0.775 g/L,0.27 g/L,2.8 g/L,0.078 g/L,24.0 mg/L SO2,56.0 mg/L SO2,0.9984 g/cm³,pH 3.31,0.67 g/L,10.6% vol,Score: 6
491,9.2 g/L,0.41 g/L,0.5 g/L,2.5 g/L,0.055 g/L,12.0 mg/L SO2,25.0 mg/L SO2,0.9952 g/cm³,pH 3.34,0.79 g/L,13.3% vol,Score: 7
492,8.9 g/L,0.4 g/L,0.51 g/L,2.6 g/L,0.052 g/L,13.0 mg/L SO2,27.0 mg/L SO2,0.995 g/cm³,pH 3.32,0.9 g/L,13.4% vol,Score: 7
493,8.7 g/L,0.69 g/L,0.31 g/L,3.0 g/L,0.086 g/L,23.0 mg/L SO2,81.0 mg/L SO2,1.0002 g/cm³,pH 3.48,0.74 g/L,11.6% vol,Score: 6
494,6.5 g/L,0.39 g/L,0.23 g/L,8.3 g/L,0.051 g/L,28.0 mg/L SO2,91.0 mg/L SO2,0.9952 g/cm³,pH 3.44,0.55 g/L,12.1% vol,Score: 6
495,10.7 g/L,0.35 g/L,0.53 g/L,2.6 g/L,0.07 g/L,5.0 mg/L SO2,16.0 mg/L SO2,0.9972 g/cm³,pH 3.15,0.65 g/L,11.0% vol,Score: 8
496,7.8 g/L,0.52 g/L,0.25 g/L,1.9 g/L,0.081 g/L,14.0 mg/L SO2,38.0 mg/L SO2,0.9984 g/cm³,pH 3.43,0.65 g/L,9.0% vol,Score: 6
497,7.2 g/L,0.34 g/L,0.32 g/L,2.5 g/L,0.09 g/L,43.0 mg/L SO2,113.0 mg/L SO2,0.9966 g/cm³,pH 3.32,0.79 g/L,11.1% vol,Score: 5
498,10.7 g/L,0.35 g/L,0.53 g/L,2.6 g/L,0.07 g/L,5.0 mg/L SO2,16.0 mg/L SO2,0.9972 g/cm³,pH 3.15,0.65 g/L,11.0% vol,Score: 8
499,8.7 g/L,0.69 g/L,0.31 g/L,3.0 g/L,0.086 g/L,23.0 mg/L SO2,81.0 mg/L SO2,1.0002 g/cm³,pH 3.48,0.74 g/L,11.6% vol,Score: 6
500,7.8 g/L,0.52 g/L,0.25 g/L,1.9 g/L,0.081 g/L,14.0 mg/L SO2,38.0 mg/L SO2,0.9984 g/cm³,pH 3.43,0.65 g/L,9.0% vol,Score: 6
501,10.4 g/L,0.44 g/L,0.73 g/L,6.55 g/L,0.074 g/L,38.0 mg/L SO2,76.0 mg/L SO2,0.999 g/cm³,pH 3.17,0.85 g/L,12.0% vol,Score: 7
502,10.4 g/L,0.44 g/L,0.73 g/L,6.55 g/L,0.074 g/L,38.0 mg/L SO2,76.0 mg/L SO2,0.999 g/cm³,pH 3.17,0.85 g/L,12.0% vol,Score: 7
503,10.5 g/L,0.26 g/L,0.47 g/L,1.9 g/L,0.078 g/L,6.0 mg/L SO2,24.0 mg/L SO2,0.9976 g/cm³,pH 3.18,1.04 g/L,10.9% vol,Score: 7
504,10.5 g/L,0.24 g/L,0.42 g/L,1.8 g/L,0.077 g/L,6.0 mg/L SO2,22.0 mg/L SO2,0.9976 g/cm³,pH 3.21,1.05 g/L,10.8% vol,Score: 7
505,10.2 g/L,0.49 g/L,0.63 g/L,2.9 g/L,0.072 g/L,10.0 mg/L SO2,26.0 mg/L SO2,0.9968 g/cm³,pH 3.16,0.78 g/L,12.5% vol,Score: 7
506,10.4 g/L,0.24 g/L,0.46 g/L,1.8 g/L,0.075 g/L,6.0 mg/L SO2,21.0 mg/L SO2,0.9976 g/cm³,pH 3.25,1.02 g/L,10.8% vol,Score: 7
507,11.2 g/L,0.67 g/L,0.55 g/L,2.3 g/L,0.084 g/L,6.0 mg/L SO2,13.0 mg/L SO2,1.0 g/cm³,pH 3.17,0.71 g/L,9.5% vol,Score: 6
508,10.0 g/L,0.59 g/L,0.31 g/L,2.2 g/L,0.09 g/L,26.0 mg/L SO2,62.0 mg/L SO2,0.9994 g/cm³,pH 3.18,0.63 g/L,10.2% vol,Score: 6
509,13.3 g/L,0.29 g/L,0.75 g/L,2.8 g/L,0.084 g/L,23.0 mg/L SO2,43.0 mg/L SO2,0.9986 g/cm³,pH 3.04,0.68 g/L,11.4% vol,Score: 7
510,12.4 g/L,0.42 g/L,0.49 g/L,4.6 g/L,0.073 g/L,19.0 mg/L SO2,43.0 mg/L SO2,0.9978 g/cm³,pH 3.02,0.61 g/L,9.5% vol,Score: 5
511,10.0 g/L,0.59 g/L,0.31 g/L,2.2 g/L,0.09 g/L,26.0 mg/L SO2,62.0 mg/L SO2,0.9994 g/cm³,pH 3.18,0.63 g/L,10.2% vol,Score: 6
512,10.7 g/L,0.4 g/L,0.48 g/L,2.1 g/L,0.125 g/L,15.0 mg/L SO2,49.0 mg/L SO2,0.998 g/cm³,pH 3.03,0.81 g/L,9.7% vol,Score: 6
513,10.5 g/L,0.51 g/L,0.64 g/L,2.4 g/L,0.107 g/L,6.0 mg/L SO2,15.0 mg/L SO2,0.9973 g/cm³,pH 3.09,0.66 g/L,11.8% vol,Score: 7
514,10.5 g/L,0.51 g/L,0.64 g/L,2.4 g/L,0.107 g/L,6.0 mg/L SO2,15.0 mg/L SO2,0.9973 g/cm³,pH 3.09,0.66 g/L,11.8% vol,Score: 7
515,8.5 g/L,0.655 g/L,0.49 g/L,6.1 g/L,0.122 g/L,34.0 mg/L SO2,151.0 mg/L SO2,1.001 g/cm³,pH 3.31,1.14 g/L,9.3% vol,Score: 5
516,12.5 g/L,0.6 g/L,0.49 g/L,4.3 g/L,0.1 g/L,5.0 mg/L SO2,14.0 mg/L SO2,1.001 g/cm³,pH 3.25,0.74 g/L,11.9% vol,Score: 6
517,10.4 g/L,0.61 g/L,0.49 g/L,2.1 g/L,0.2 g/L,5.0 mg/L SO2,16.0 mg/L SO2,0.9994 g/cm³,pH 3.16,0.63 g/L,8.4% vol,Score: 3
518,10.9 g/L,0.21 g/L,0.49 g/L,2.8 g/L,0.088 g/L,11.0 mg/L SO2,32.0 mg/L SO2,0.9972 g/cm³,pH 3.22,0.68 g/L,11.7% vol,Score: 6
519,7.3 g/L,0.365 g/L,0.49 g/L,2.5 g/L,0.088 g/L,39.0 mg/L SO2,106.0 mg/L SO2,0.9966 g/cm³,pH 3.36,0.78 g/L,11.0% vol,Score: 5
520,9.8 g/L,0.25 g/L,0.49 g/L,2.7 g/L,0.088 g/L,15.0 mg/L SO2,33.0 mg/L SO2,0.9982 g/cm³,pH 3.42,0.9 g/L,10.0% vol,Score: 6
521,7.6 g/L,0.41 g/L,0.49 g/L,2.0 g/L,0.088 g/L,16.0 mg/L SO2,43.0 mg/L SO2,0.998 g/cm³,pH 3.48,0.64 g/L,9.1% vol,Score: 5
522,8.2 g/L,0.39 g/L,0.49 g/L,2.3 g/L,0.099 g/L,47.0 mg/L SO2,133.0 mg/L SO2,0.9979 g/cm³,pH 3.38,0.99 g/L,9.8% vol,Score: 5
523,9.3 g/L,0.4 g/L,0.49 g/L,2.5 g/L,0.085 g/L,38.0 mg/L SO2,142.0 mg/L SO2,0.9978 g/cm³,pH 3.22,0.55 g/L,9.4% vol,Score: 5
524,9.2 g/L,0.43 g/L,0.49 g/L,2.4 g/L,0.086 g/L,23.0 mg/L SO2,116.0 mg/L SO2,0.9976 g/cm³,pH 3.23,0.64 g/L,9.5% vol,Score: 5
525,10.4 g/L,0.64 g/L,0.24 g/L,2.8 g/L,0.105 g/L,29.0 mg/L SO2,53.0 mg/L SO2,0.9998 g/cm³,pH 3.24,0.67 g/L,9.9% vol,Score: 5
526,7.3 g/L,0.365 g/L,0.49 g/L,2.5 g/L,0.088 g/L,39.0 mg/L SO2,106.0 mg/L SO2,0.9966 g/cm³,pH 3.36,0.78 g/L,11.0% vol,Score: 5
527,7.0 g/L,0.38 g/L,0.49 g/L,2.5 g/L,0.097 g/L,33.0 mg/L SO2,85.0 mg/L SO2,0.9962 g/cm³,pH 3.39,0.77 g/L,11.4% vol,Score: 6
528,8.2 g/L,0.42 g/L,0.49 g/L,2.6 g/L,0.084 g/L,32.0 mg/L SO2,55.0 mg/L SO2,0.9988 g/cm³,pH 3.34,0.75 g/L,8.7% vol,Score: 6
529,9.9 g/L,0.63 g/L,0.24 g/L,2.4 g/L,0.077 g/L,6.0 mg/L SO2,33.0 mg/L SO2,0.9974 g/cm³,pH 3.09,0.57 g/L,9.4% vol,Score: 5
530,9.1 g/L,0.22 g/L,0.24 g/L,2.1 g/L,0.078 g/L,1.0 mg/L SO2,28.0 mg/L SO2,0.999 g/cm³,pH 3.41,0.87 g/L,10.3% vol,Score: 6
531,11.9 g/L,0.38 g/L,0.49 g/L,2.7 g/L,0.098 g/L,12.0 mg/L SO2,42.0 mg/L SO2,1.0004 g/cm³,pH 3.16,0.61 g/L,10.3% vol,Score: 5
532,11.9 g/L,0.38 g/L,0.49 g/L,2.7 g/L,0.098 g/L,12.0 mg/L SO2,42.0 mg/L SO2,1.0004 g/cm³,pH 3.16,0.61 g/L,10.3% vol,Score: 5
533,10.3 g/L,0.27 g/L,0.24 g/L,2.1 g/L,0.072 g/L,15.0 mg/L SO2,33.0 mg/L SO2,0.9956 g/cm³,pH 3.22,0.66 g/L,12.8% vol,Score: 6
534,10.0 g/L,0.48 g/L,0.24 g/L,2.7 g/L,0.102 g/L,13.0 mg/L SO2,32.0 mg/L SO2,1.0 g/cm³,pH 3.28,0.56 g/L,10.0% vol,Score: 6
535,9.1 g/L,0.22 g/L,0.24 g/L,2.1 g/L,0.078 g/L,1.0 mg/L SO2,28.0 mg/L SO2,0.999 g/cm³,pH 3.41,0.87 g/L,10.3% vol,Score: 6
536,9.9 g/L,0.63 g/L,0.24 g/L,2.4 g/L,0.077 g/L,6.0 mg/L SO2,33.0 mg/L SO2,0.9974 g/cm³,pH 3.09,0.57 g/L,9.4% vol,Score: 5
537,8.1 g/L,0.825 g/L,0.24 g/L,2.1 g/L,0.084 g/L,5.0 mg/L SO2,13.0 mg/L SO2,0.9972 g/cm³,pH 3.37,0.77 g/L,10.7% vol,Score: 6
538,12.9 g/L,0.35 g/L,0.49 g/L,5.8 g/L,0.066 g/L,5.0 mg/L SO2,35.0 mg/L SO2,1.0014 g/cm³,pH 3.2,0.66 g/L,12.0% vol,Score: 7
539,11.2 g/L,0.5 g/L,0.74 g/L,5.15 g/L,0.1 g/L,5.0 mg/L SO2,17.0 mg/L SO2,0.9996 g/cm³,pH 3.22,0.62 g/L,11.2% vol,Score: 5
540,9.2 g/L,0.59 g/L,0.24 g/L,3.3 g/L,0.101 g/L,20.0 mg/L SO2,47.0 mg/L SO2,0.9988 g/cm³,pH 3.26,0.67 g/L,9.6% vol,Score: 5
541,9.5 g/L,0.46 g/L,0.49 g/L,6.3 g/L,0.064 g/L,5.0 mg/L SO2,17.0 mg/L SO2,0.9988 g/cm³,pH 3.21,0.73 g/L,11.0% vol,Score: 6
542,9.3 g/L,0.715 g/L,0.24 g/L,2.1 g/L,0.07 g/L,5.0 mg/L SO2,20.0 mg/L SO2,0.9966 g/cm³,pH 3.12,0.59 g/L,9.9% vol,Score: 5
543,11.2 g/L,0.66 g/L,0.24 g/L,2.5 g/L,0.085 g/L,16.0 mg/L SO2,53.0 mg/L SO2,0.9993 g/cm³,pH 3.06,0.72 g/L,11.0% vol,Score: 6
544,14.3 g/L,0.31 g/L,0.74 g/L,1.8 g/L,0.075 g/L,6.0 mg/L SO2,15.0 mg/L SO2,1.0008 g/cm³,pH 2.86,0.79 g/L,8.4% vol,Score: 6
545,9.1 g/L,0.47 g/L,0.49 g/L,2.6 g/L,0.094 g/L,38.0 mg/L SO2,106.0 mg/L SO2,0.9982 g/cm³,pH 3.08,0.59 g/L,9.1% vol,Score: 5
546,7.5 g/L,0.55 g/L,0.24 g/L,2.0 g/L,0.078 g/L,10.0 mg/L SO2,28.0 mg/L SO2,0.9983 g/cm³,pH 3.45,0.78 g/L,9.5% vol,Score: 6
547,10.6 g/L,0.31 g/L,0.49 g/L,2.5 g/L,0.067 g/L,6.0 mg/L SO2,21.0 mg/L SO2,0.9987 g/cm³,pH 3.26,0.86 g/L,10.7% vol,Score: 6
548,12.4 g/L,0.35 g/L,0.49 g/L,2.6 g/L,0.079 g/L,27.0 mg/L SO2,69.0 mg/L SO2,0.9994 g/cm³,pH 3.12,0.75 g/L,10.4% vol,Score: 6
549,9.0 g/L,0.53 g/L,0.49 g/L,1.9 g/L,0.171 g/L,6.0 mg/L SO2,25.0 mg/L SO2,0.9975 g/cm³,pH 3.27,0.61 g/L,9.4% vol,Score: 6
550,6.8 g/L,0.51 g/L,0.01 g/L,2.1 g/L,0.074 g/L,9.0 mg/L SO2,25.0 mg/L SO2,0.9958 g/cm³,pH 3.33,0.56 g/L,9.5% vol,Score: 6
551,9.4 g/L,0.43 g/L,0.24 g/L,2.8 g/L,0.092 g/L,14.0 mg/L SO2,45.0 mg/L SO2,0.998 g/cm³,pH 3.19,0.73 g/L,10.0% vol,Score: 6
552,9.5 g/L,0.46 g/L,0.24 g/L,2.7 g/L,0.092 g/L,14.0 mg/L SO2,44.0 mg/L SO2,0.998 g/cm³,pH 3.12,0.74 g/L,10.0% vol,Score: 6
553,5.0 g/L,1.04 g/L,0.24 g/L,1.6 g/L,0.05 g/L,32.0 mg/L SO2,96.0 mg/L SO2,0.9934 g/cm³,pH 3.74,0.62 g/L,11.5% vol,Score: 5
554,15.5 g/L,0.645 g/L,0.49 g/L,4.2 g/L,0.095 g/L,10.0 mg/L SO2,23.0 mg/L SO2,1.00315 g/cm³,pH 2.92,0.74 g/L,11.1% vol,Score: 5
555,15.5 g/L,0.645 g/L,0.49 g/L,4.2 g/L,0.095 g/L,10.0 mg/L SO2,23.0 mg/L SO2,1.00315 g/cm³,pH 2.92,0.74 g/L,11.1% vol,Score: 5
556,10.9 g/L,0.53 g/L,0.49 g/L,4.6 g/L,0.118 g/L,10.0 mg/L SO2,17.0 mg/L SO2,1.0002 g/cm³,pH 3.07,0.56 g/L,11.7% vol,Score: 6
557,15.6 g/L,0.645 g/L,0.49 g/L,4.2 g/L,0.095 g/L,10.0 mg/L SO2,23.0 mg/L SO2,1.00315 g/cm³,pH 2.92,0.74 g/L,11.1% vol,Score: 5
558,10.9 g/L,0.53 g/L,0.49 g/L,4.6 g/L,0.118 g/L,10.0 mg/L SO2,17.0 mg/L SO2,1.0002 g/cm³,pH 3.07,0.56 g/L,11.7% vol,Score: 6
559,13.0 g/L,0.47 g/L,0.49 g/L,4.3 g/L,0.085 g/L,6.0 mg/L SO2,47.0 mg/L SO2,1.0021 g/cm³,pH 3.3,0.68 g/L,12.7% vol,Score: 6
560,12.7 g/L,0.6 g/L,0.49 g/L,2.8 g/L,0.075 g/L,5.0 mg/L SO2,19.0 mg/L SO2,0.9994 g/cm³,pH 3.14,0.57 g/L,11.4% vol,Score: 5
561,9.0 g/L,0.44 g/L,0.49 g/L,2.4 g/L,0.078 g/L,26.0 mg/L SO2,121.0 mg/L SO2,0.9978 g/cm³,pH 3.23,0.58 g/L,9.2% vol,Score: 5
562,9.0 g/L,0.54 g/L,0.49 g/L,2.9 g/L,0.094 g/L,41.0 mg/L SO2,110.0 mg/L SO2,0.9982 g/cm³,pH 3.08,0.61 g/L,9.2% vol,Score: 5
563,7.6 g/L,0.29 g/L,0.49 g/L,2.7 g/L,0.092 g/L,25.0 mg/L SO2,60.0 mg/L SO2,0.9971 g/cm³,pH 3.31,0.61 g/L,10.1% vol,Score: 6
564,13.0 g/L,0.47 g/L,0.49 g/L,4.3 g/L,0.085 g/L,6.0 mg/L SO2,47.0 mg/L SO2,1.0021 g/cm³,pH 3.3,0.68 g/L,12.7% vol,Score: 6
565,12.7 g/L,0.6 g/L,0.49 g/L,2.8 g/L,0.075 g/L,5.0 mg/L SO2,19.0 mg/L SO2,0.9994 g/cm³,pH 3.14,0.57 g/L,11.4% vol,Score: 5
566,8.7 g/L,0.7 g/L,0.24 g/L,2.5 g/L,0.226 g/L,5.0 mg/L SO2,15.0 mg/L SO2,0.9991 g/cm³,pH 3.32,0.6 g/L,9.0% vol,Score: 6
567,8.7 g/L,0.7 g/L,0.24 g/L,2.5 g/L,0.226 g/L,5.0 mg/L SO2,15.0 mg/L SO2,0.9991 g/cm³,pH 3.32,0.6 g/L,9.0% vol,Score: 6
568,9.8 g/L,0.5 g/L,0.49 g/L,2.6 g/L,0.25 g/L,5.0 mg/L SO2,20.0 mg/L SO2,0.999 g/cm³,pH 3.31,0.79 g/L,10.7% vol,Score: 6
569,6.2 g/L,0.36 g/L,0.24 g/L,2.2 g/L,0.095 g/L,19.0 mg/L SO2,42.0 mg/L SO2,0.9946 g/cm³,pH 3.57,0.57 g/L,11.7% vol,Score: 6
570,11.5 g/L,0.35 g/L,0.49 g/L,3.3 g/L,0.07 g/L,10.0 mg/L SO2,37.0 mg/L SO2,1.0003 g/cm³,pH 3.32,0.91 g/L,11.0% vol,Score: 6
571,6.2 g/L,0.36 g/L,0.24 g/L,2.2 g/L,0.095 g/L,19.0 mg/L SO2,42.0 mg/L SO2,0.9946 g/cm³,pH 3.57,0.57 g/L,11.7% vol,Score: 6
572,10.2 g/L,0.24 g/L,0.49 g/L,2.4 g/L,0.075 g/L,10.0 mg/L SO2,28.0 mg/L SO2,0.9978 g/cm³,pH 3.14,0.61 g/L,10.4% vol,Score: 5
573,10.5 g/L,0.59 g/L,0.49 g/L,2.1 g/L,0.07 g/L,14.0 mg/L SO2,47.0 mg/L SO2,0.9991 g/cm³,pH 3.3,0.56 g/L,9.6% vol,Score: 4
574,10.6 g/L,0.34 g/L,0.49 g/L,3.2 g/L,0.078 g/L,20.0 mg/L SO2,78.0 mg/L SO2,0.9992 g/cm³,pH 3.19,0.7 g/L,10.0% vol,Score: 6
575,12.3 g/L,0.27 g/L,0.49 g/L,3.1 g/L,0.079 g/L,28.0 mg/L SO2,46.0 mg/L SO2,0.9993 g/cm³,pH 3.2,0.8 g/L,10.2% vol,Score: 6
576,9.9 g/L,0.5 g/L,0.24 g/L,2.3 g/L,0.103 g/L,6.0 mg/L SO2,14.0 mg/L SO2,0.9978 g/cm³,pH 3.34,0.52 g/L,10.0% vol,Score: 4
577,8.8 g/L,0.44 g/L,0.49 g/L,2.8 g/L,0.083 g/L,18.0 mg/L SO2,111.0 mg/L SO2,0.9982 g/cm³,pH 3.3,0.6 g/L,9.5% vol,Score: 5
578,8.8 g/L,0.47 g/L,0.49 g/L,2.9 g/L,0.085 g/L,17.0 mg/L SO2,110.0 mg/L SO2,0.9982 g/cm³,pH 3.29,0.6 g/L,9.8% vol,Score: 5
579,10.6 g/L,0.31 g/L,0.49 g/L,2.2 g/L,0.063 g/L,18.0 mg/L SO2,40.0 mg/L SO2,0.9976 g/cm³,pH 3.14,0.51 g/L,9.8% vol,Score: 6
580,12.3 g/L,0.5 g/L,0.49 g/L,2.2 g/L,0.089 g/L,5.0 mg/L SO2,14.0 mg/L SO2,1.0002 g/cm³,pH 3.19,0.44 g/L,9.6% vol,Score: 5
581,12.3 g/L,0.5 g/L,0.49 g/L,2.2 g/L,0.089 g/L,5.0 mg/L SO2,14.0 mg/L SO2,1.0002 g/cm³,pH 3.19,0.44 g/L,9.6% vol,Score: 5
582,11.7 g/L,0.49 g/L,0.49 g/L,2.2 g/L,0.083 g/L,5.0 mg/L SO2,15.0 mg/L SO2,1.0 g/cm³,pH 3.19,0.43 g/L,9.2% vol,Score: 5
583,12.0 g/L,0.28 g/L,0.49 g/L,1.9 g/L,0.074 g/L,10.0 mg/L SO2,21.0 mg/L SO2,0.9976 g/cm³,pH 2.98,0.66 g/L,9.9% vol,Score: 7
584,11.8 g/L,0.33 g/L,0.49 g/L,3.4 g/L,0.093 g/L,54.0 mg/L SO2,80.0 mg/L SO2,1.0002 g/cm³,pH 3.3,0.76 g/L,10.7% vol,Score: 7
585,7.6 g/L,0.51 g/L,0.24 g/L,2.4 g/L,0.091 g/L,8.0 mg/L SO2,38.0 mg/L SO2,0.998 g/cm³,pH 3.47,0.66 g/L,9.6% vol,Score: 6
586,11.1 g/L,0.31 g/L,0.49 g/L,2.7 g/L,0.094 g/L,16.0 mg/L SO2,47.0 mg/L SO2,0.9986 g/cm³,pH 3.12,1.02 g/L,10.6% vol,Score: 7
587,7.3 g/L,0.73 g/L,0.24 g/L,1.9 g/L,0.108 g/L,18.0 mg/L SO2,102.0 mg/L SO2,0.9967 g/cm³,pH 3.26,0.59 g/L,9.3% vol,Score: 5
588,5.0 g/L,0.42 g/L,0.24 g/L,2.0 g/L,0.06 g/L,19.0 mg/L SO2,50.0 mg/L SO2,0.9917 g/cm³,pH 3.72,0.74 g/L,14.0% vol,Score: 8
589,10.2 g/L,0.29 g/L,0.49 g/L,2.6 g/L,0.059 g/L,5.0 mg/L SO2,13.0 mg/L SO2,0.9976 g/cm³,pH 3.05,0.74 g/L,10.5% vol,Score: 7
590,9.0 g/L,0.45 g/L,0.49 g/L,2.6 g/L,0.084 g/L,21.0 mg/L SO2,75.0 mg/L SO2,0.9987 g/cm³,pH 3.35,0.57 g/L,9.7% vol,Score: 5
591,6.6 g/L,0.39 g/L,0.49 g/L,1.7 g/L,0.07 g/L,23.0 mg/L SO2,149.0 mg/L SO2,0.9922 g/cm³,pH 3.12,0.5 g/L,11.5% vol,Score: 6
592,9.0 g/L,0.45 g/L,0.49 g/L,2.6 g/L,0.084 g/L,21.0 mg/L SO2,75.0 mg/L SO2,0.9987 g/cm³,pH 3.35,0.57 g/L,9.7% vol,Score: 5
593,9.9 g/L,0.49 g/L,0.58 g/L,3.5 g/L,0.094 g/L,9.0 mg/L SO2,43.0 mg/L SO2,1.0004 g/cm³,pH 3.29,0.58 g/L,9.0% vol,Score: 5
594,7.9 g/L,0.72 g/L,0.17 g/L,2.6 g/L,0.096 g/L,20.0 mg/L SO2,38.0 mg/L SO2,0.9978 g/cm³,pH 3.4,0.53 g/L,9.5% vol,Score: 5
595,8.9 g/L,0.595 g/L,0.41 g/L,7.9 g/L,0.086 g/L,30.0 mg/L SO2,109.0 mg/L SO2,0.9998 g/cm³,pH 3.27,0.57 g/L,9.3% vol,Score: 5
596,12.4 g/L,0.4 g/L,0.51 g/L,2.0 g/L,0.059 g/L,6.0 mg/L SO2,24.0 mg/L SO2,0.9994 g/cm³,pH 3.04,0.6 g/L,9.3% vol,Score: 6
597,11.9 g/L,0.58 g/L,0.58 g/L,1.9 g/L,0.071 g/L,5.0 mg/L SO2,18.0 mg/L SO2,0.998 g/cm³,pH 3.09,0.63 g/L,10.0% vol,Score: 6
598,8.5 g/L,0.585 g/L,0.18 g/L,2.1 g/L,0.078 g/L,5.0 mg/L SO2,30.0 mg/L SO2,0.9967 g/cm³,pH 3.2,0.48 g/L,9.8% vol,Score: 6
599,12.7 g/L,0.59 g/L,0.45 g/L,2.3 g/L,0.082 g/L,11.0 mg/L SO2,22.0 mg/L SO2,1.0 g/cm³,pH 3.0,0.7 g/L,9.3% vol,Score: 6
600,8.2 g/L,0.915 g/L,0.27 g/L,2.1 g/L,0.088 g/L,7.0 mg/L SO2,23.0 mg/L SO2,0.9962 g/cm³,pH 3.26,0.47 g/L,10.0% vol,Score: 4
601,13.2 g/L,0.46 g/L,0.52 g/L,2.2 g/L,0.071 g/L,12.0 mg/L SO2,35.0 mg/L SO2,1.0006 g/cm³,pH 3.1,0.56 g/L,9.0% vol,Score: 6
602,7.7 g/L,0.835 g/L,0.0 g/L,2.6 g/L,0.081 g/L,6.0 mg/L SO2,14.0 mg/L SO2,0.9975 g/cm³,pH 3.3,0.52 g/L,9.3% vol,Score: 5
603,13.2 g/L,0.46 g/L,0.52 g/L,2.2 g/L,0.071 g/L,12.0 mg/L SO2,35.0 mg/L SO2,1.0006 g/cm³,pH 3.1,0.56 g/L,9.0% vol,Score: 6
604,8.3 g/L,0.58 g/L,0.13 g/L,2.9 g/L,0.096 g/L,14.0 mg/L SO2,63.0 mg/L SO2,0.9984 g/cm³,pH 3.17,0.62 g/L,9.1% vol,Score: 6
605,8.3 g/L,0.6 g/L,0.13 g/L,2.6 g/L,0.085 g/L,6.0 mg/L SO2,24.0 mg/L SO2,0.9984 g/cm³,pH 3.31,0.59 g/L,9.2% vol,Score: 6
606,9.4 g/L,0.41 g/L,0.48 g/L,4.6 g/L,0.072 g/L,10.0 mg/L SO2,20.0 mg/L SO2,0.9973 g/cm³,pH 3.34,0.79 g/L,12.2% vol,Score: 7
607,8.8 g/L,0.48 g/L,0.41 g/L,3.3 g/L,0.092 g/L,26.0 mg/L SO2,52.0 mg/L SO2,0.9982 g/cm³,pH 3.31,0.53 g/L,10.5% vol,Score: 6
608,10.1 g/L,0.65 g/L,0.37 g/L,5.1 g/L,0.11 g/L,11.0 mg/L SO2,65.0 mg/L SO2,1.0026 g/cm³,pH 3.32,0.64 g/L,10.4% vol,Score: 6
609,6.3 g/L,0.36 g/L,0.19 g/L,3.2 g/L,0.075 g/L,15.0 mg/L SO2,39.0 mg/L SO2,0.9956 g/cm³,pH 3.56,0.52 g/L,12.7% vol,Score: 6
610,8.8 g/L,0.24 g/L,0.54 g/L,2.5 g/L,0.083 g/L,25.0 mg/L SO2,57.0 mg/L SO2,0.9983 g/cm³,pH 3.39,0.54 g/L,9.2% vol,Score: 5
611,13.2 g/L,0.38 g/L,0.55 g/L,2.7 g/L,0.081 g/L,5.0 mg/L SO2,16.0 mg/L SO2,1.0006 g/cm³,pH 2.98,0.54 g/L,9.4% vol,Score: 5
612,7.5 g/L,0.64 g/L,0.0 g/L,2.4 g/L,0.077 g/L,18.0 mg/L SO2,29.0 mg/L SO2,0.9965 g/cm³,pH 3.32,0.6 g/L,10.0% vol,Score: 6
613,8.2 g/L,0.39 g/L,0.38 g/L,1.5 g/L,0.058 g/L,10.0 mg/L SO2,29.0 mg/L SO2,0.9962 g/cm³,pH 3.26,0.74 g/L,9.8% vol,Score: 5
614,9.2 g/L,0.755 g/L,0.18 g/L,2.2 g/L,0.148 g/L,10.0 mg/L SO2,103.0 mg/L SO2,0.9969 g/cm³,pH 2.87,1.36 g/L,10.2% vol,Score: 6
615,9.6 g/L,0.6 g/L,0.5 g/L,2.3 g/L,0.079 g/L,28.0 mg/L SO2,71.0 mg/L SO2,0.9997 g/cm³,pH 3.5,0.57 g/L,9.7% vol,Score: 5
616,9.6 g/L,0.6 g/L,0.5 g/L,2.3 g/L,0.079 g/L,28.0 mg/L SO2,71.0 mg/L SO2,0.9997 g/cm³,pH 3.5,0.57 g/L,9.7% vol,Score: 5
617,11.5 g/L,0.31 g/L,0.51 g/L,2.2 g/L,0.079 g/L,14.0 mg/L SO2,28.0 mg/L SO2,0.9982 g/cm³,pH 3.03,0.93 g/L,9.8% vol,Score: 6
618,11.4 g/L,0.46 g/L,0.5 g/L,2.7 g/L,0.122 g/L,4.0 mg/L SO2,17.0 mg/L SO2,1.0006 g/cm³,pH 3.13,0.7 g/L,10.2% vol,Score: 5
619,11.3 g/L,0.37 g/L,0.41 g/L,2.3 g/L,0.088 g/L,6.0 mg/L SO2,16.0 mg/L SO2,0.9988 g/cm³,pH 3.09,0.8 g/L,9.3% vol,Score: 5
620,8.3 g/L,0.54 g/L,0.24 g/L,3.4 g/L,0.076 g/L,16.0 mg/L SO2,112.0 mg/L SO2,0.9976 g/cm³,pH 3.27,0.61 g/L,9.4% vol,Score: 5
621,8.2 g/L,0.56 g/L,0.23 g/L,3.4 g/L,0.078 g/L,14.0 mg/L SO2,104.0 mg/L SO2,0.9976 g/cm³,pH 3.28,0.62 g/L,9.4% vol,Score: 5
622,10.0 g/L,0.58 g/L,0.22 g/L,1.9 g/L,0.08 g/L,9.0 mg/L SO2,32.0 mg/L SO2,0.9974 g/cm³,pH 3.13,0.55 g/L,9.5% vol,Score: 5
623,7.9 g/L,0.51 g/L,0.25 g/L,2.9 g/L,0.077 g/L,21.0 mg/L SO2,45.0 mg/L SO2,0.9974 g/cm³,pH 3.49,0.96 g/L,12.1% vol,Score: 6
624,6.8 g/L,0.69 g/L,0.0 g/L,5.6 g/L,0.124 g/L,21.0 mg/L SO2,58.0 mg/L SO2,0.9997 g/cm³,pH 3.46,0.72 g/L,10.2% vol,Score: 5
625,6.8 g/L,0.69 g/L,0.0 g/L,5.6 g/L,0.124 g/L,21.0 mg/L SO2,58.0 mg/L SO2,0.9997 g/cm³,pH 3.46,0.72 g/L,10.2% vol,Score: 5
626,8.8 g/L,0.6 g/L,0.29 g/L,2.2 g/L,0.098 g/L,5.0 mg/L SO2,15.0 mg/L SO2,0.9988 g/cm³,pH 3.36,0.49 g/L,9.1% vol,Score: 5
627,8.8 g/L,0.6 g/L,0.29 g/L,2.2 g/L,0.098 g/L,5.0 mg/L SO2,15.0 mg/L SO2,0.9988 g/cm³,pH 3.36,0.49 g/L,9.1% vol,Score: 5
628,8.7 g/L,0.54 g/L,0.26 g/L,2.5 g/L,0.097 g/L,7.0 mg/L SO2,31.0 mg/L SO2,0.9976 g/cm³,pH 3.27,0.6 g/L,9.3% vol,Score: 6
629,7.6 g/L,0.685 g/L,0.23 g/L,2.3 g/L,0.111 g/L,20.0 mg/L SO2,84.0 mg/L SO2,0.9964 g/cm³,pH 3.21,0.61 g/L,9.3% vol,Score: 5
630,8.7 g/L,0.54 g/L,0.26 g/L,2.5 g/L,0.097 g/L,7.0 mg/L SO2,31.0 mg/L SO2,0.9976 g/cm³,pH 3.27,0.6 g/L,9.3% vol,Score: 6
631,10.4 g/L,0.28 g/L,0.54 g/L,2.7 g/L,0.105 g/L,5.0 mg/L SO2,19.0 mg/L SO2,0.9988 g/cm³,pH 3.25,0.63 g/L,9.5% vol,Score: 5
632,7.6 g/L,0.41 g/L,0.14 g/L,3.0 g/L,0.087 g/L,21.0 mg/L SO2,43.0 mg/L SO2,0.9964 g/cm³,pH 3.32,0.57 g/L,10.5% vol,Score: 6
633,10.1 g/L,0.935 g/L,0.22 g/L,3.4 g/L,0.105 g/L,11.0 mg/L SO2,86.0 mg/L SO2,1.001 g/cm³,pH 3.43,0.64 g/L,11.3% vol,Score: 4
634,7.9 g/L,0.35 g/L,0.21 g/L,1.9 g/L,0.073 g/L,46.0 mg/L SO2,102.0 mg/L SO2,0.9964 g/cm³,pH 3.27,0.58 g/L,9.5% vol,Score: 5
635,8.7 g/L,0.84 g/L,0.0 g/L,1.4 g/L,0.065 g/L,24.0 mg/L SO2,33.0 mg/L SO2,0.9954 g/cm³,pH 3.27,0.55 g/L,9.7% vol,Score: 5
636,9.6 g/L,0.88 g/L,0.28 g/L,2.4 g/L,0.086 g/L,30.0 mg/L SO2,147.0 mg/L SO2,0.9979 g/cm³,pH 3.24,0.53 g/L,9.4% vol,Score: 5
637,9.5 g/L,0.885 g/L,0.27 g/L,2.3 g/L,0.084 g/L,31.0 mg/L SO2,145.0 mg/L SO2,0.9978 g/cm³,pH 3.24,0.53 g/L,9.4% vol,Score: 5
638,7.7 g/L,0.915 g/L,0.12 g/L,2.2 g/L,0.143 g/L,7.0 mg/L SO2,23.0 mg/L SO2,0.9964 g/cm³,pH 3.35,0.65 g/L,10.2% vol,Score: 7
639,8.9 g/L,0.29 g/L,0.35 g/L,1.9 g/L,0.067 g/L,25.0 mg/L SO2,57.0 mg/L SO2,0.997 g/cm³,pH 3.18,1.36 g/L,10.3% vol,Score: 6
640,9.9 g/L,0.54 g/L,0.45 g/L,2.3 g/L,0.071 g/L,16.0 mg/L SO2,40.0 mg/L SO2,0.9991 g/cm³,pH 3.39,0.62 g/L,9.4% vol,Score: 5
641,9.5 g/L,0.59 g/L,0.44 g/L,2.3 g/L,0.071 g/L,21.0 mg/L SO2,68.0 mg/L SO2,0.9992 g/cm³,pH 3.46,0.63 g/L,9.5% vol,Score: 5
642,9.9 g/L,0.54 g/L,0.45 g/L,2.3 g/L,0.071 g/L,16.0 mg/L SO2,40.0 mg/L SO2,0.9991 g/cm³,pH 3.39,0.62 g/L,9.4% vol,Score: 5
643,9.5 g/L,0.59 g/L,0.44 g/L,2.3 g/L,0.071 g/L,21.0 mg/L SO2,68.0 mg/L SO2,0.9992 g/cm³,pH 3.46,0.63 g/L,9.5% vol,Score: 5
644,9.9 g/L,0.54 g/L,0.45 g/L,2.3 g/L,0.071 g/L,16.0 mg/L SO2,40.0 mg/L SO2,0.9991 g/cm³,pH 3.39,0.62 g/L,9.4% vol,Score: 5
645,7.8 g/L,0.64 g/L,0.1 g/L,6.0 g/L,0.115 g/L,5.0 mg/L SO2,11.0 mg/L SO2,0.9984 g/cm³,pH 3.37,0.69 g/L,10.1% vol,Score: 7
646,7.3 g/L,0.67 g/L,0.05 g/L,3.6 g/L,0.107 g/L,6.0 mg/L SO2,20.0 mg/L SO2,0.9972 g/cm³,pH 3.4,0.63 g/L,10.1% vol,Score: 5
647,8.3 g/L,0.845 g/L,0.01 g/L,2.2 g/L,0.07 g/L,5.0 mg/L SO2,14.0 mg/L SO2,0.9967 g/cm³,pH 3.32,0.58 g/L,11.0% vol,Score: 4
648,8.7 g/L,0.48 g/L,0.3 g/L,2.8 g/L,0.066 g/L,10.0 mg/L SO2,28.0 mg/L SO2,0.9964 g/cm³,pH 3.33,0.67 g/L,11.2% vol,Score: 7
649,6.7 g/L,0.42 g/L,0.27 g/L,8.6 g/L,0.068 g/L,24.0 mg/L SO2,148.0 mg/L SO2,0.9948 g/cm³,pH 3.16,0.57 g/L,11.3% vol,Score: 6
650,10.7 g/L,0.43 g/L,0.39 g/L,2.2 g/L,0.106 g/L,8.0 mg/L SO2,32.0 mg/L SO2,0.9986 g/cm³,pH 2.89,0.5 g/L,9.6% vol,Score: 5
651,9.8 g/L,0.88 g/L,0.25 g/L,2.5 g/L,0.104 g/L,35.0 mg/L SO2,155.0 mg/L SO2,1.001 g/cm³,pH 3.41,0.67 g/L,11.2% vol,Score: 5
652,15.9 g/L,0.36 g/L,0.65 g/L,7.5 g/L,0.096 g/L,22.0 mg/L SO2,71.0 mg/L SO2,0.9976 g/cm³,pH 2.98,0.84 g/L,14.9% vol,Score: 5
653,9.4 g/L,0.33 g/L,0.59 g/L,2.8 g/L,0.079 g/L,9.0 mg/L SO2,30.0 mg/L SO2,0.9976 g/cm³,pH 3.12,0.54 g/L,12.0% vol,Score: 6
654,8.6 g/L,0.47 g/L,0.47 g/L,2.4 g/L,0.074 g/L,7.0 mg/L SO2,29.0 mg/L SO2,0.9979 g/cm³,pH 3.08,0.46 g/L,9.5% vol,Score: 5
655,9.7 g/L,0.55 g/L,0.17 g/L,2.9 g/L,0.087 g/L,20.0 mg/L SO2,53.0 mg/L SO2,1.0004 g/cm³,pH 3.14,0.61 g/L,9.4% vol,Score: 5
656,10.7 g/L,0.43 g/L,0.39 g/L,2.2 g/L,0.106 g/L,8.0 mg/L SO2,32.0 mg/L SO2,0.9986 g/cm³,pH 2.89,0.5 g/L,9.6% vol,Score: 5
657,12.0 g/L,0.5 g/L,0.59 g/L,1.4 g/L,0.073 g/L,23.0 mg/L SO2,42.0 mg/L SO2,0.998 g/cm³,pH 2.92,0.68 g/L,10.5% vol,Score: 7
658,7.2 g/L,0.52 g/L,0.07 g/L,1.4 g/L,0.074 g/L,5.0 mg/L SO2,20.0 mg/L SO2,0.9973 g/cm³,pH 3.32,0.81 g/L,9.6% vol,Score: 6
659,7.1 g/L,0.84 g/L,0.02 g/L,4.4 g/L,0.096 g/L,5.0 mg/L SO2,13.0 mg/L SO2,0.997 g/cm³,pH 3.41,0.57 g/L,11.0% vol,Score: 4
660,7.2 g/L,0.52 g/L,0.07 g/L,1.4 g/L,0.074 g/L,5.0 mg/L SO2,20.0 mg/L SO2,0.9973 g/cm³,pH 3.32,0.81 g/L,9.6% vol,Score: 6
661,7.5 g/L,0.42 g/L,0.31 g/L,1.6 g/L,0.08 g/L,15.0 mg/L SO2,42.0 mg/L SO2,0.9978 g/cm³,pH 3.31,0.64 g/L,9.0% vol,Score: 5
662,7.2 g/L,0.57 g/L,0.06 g/L,1.6 g/L,0.076 g/L,9.0 mg/L SO2,27.0 mg/L SO2,0.9972 g/cm³,pH 3.36,0.7 g/L,9.6% vol,Score: 6
663,10.1 g/L,0.28 g/L,0.46 g/L,1.8 g/L,0.05 g/L,5.0 mg/L SO2,13.0 mg/L SO2,0.9974 g/cm³,pH 3.04,0.79 g/L,10.2% vol,Score: 6
664,12.1 g/L,0.4 g/L,0.52 g/L,2.0 g/L,0.092 g/L,15.0 mg/L SO2,54.0 mg/L SO2,1.0 g/cm³,pH 3.03,0.66 g/L,10.2% vol,Score: 5
665,9.4 g/L,0.59 g/L,0.14 g/L,2.0 g/L,0.084 g/L,25.0 mg/L SO2,48.0 mg/L SO2,0.9981 g/cm³,pH 3.14,0.56 g/L,9.7% vol,Score: 5
666,8.3 g/L,0.49 g/L,0.36 g/L,1.8 g/L,0.222 g/L,6.0 mg/L SO2,16.0 mg/L SO2,0.998 g/cm³,pH 3.18,0.6 g/L,9.5% vol,Score: 6
667,11.3 g/L,0.34 g/L,0.45 g/L,2.0 g/L,0.082 g/L,6.0 mg/L SO2,15.0 mg/L SO2,0.9988 g/cm³,pH 2.94,0.66 g/L,9.2% vol,Score: 6
668,10.0 g/L,0.73 g/L,0.43 g/L,2.3 g/L,0.059 g/L,15.0 mg/L SO2,31.0 mg/L SO2,0.9966 g/cm³,pH 3.15,0.57 g/L,11.0% vol,Score: 5
669,11.3 g/L,0.34 g/L,0.45 g/L,2.0 g/L,0.082 g/L,6.0 mg/L SO2,15.0 mg/L SO2,0.9988 g/cm³,pH 2.94,0.66 g/L,9.2% vol,Score: 6
670,6.9 g/L,0.4 g/L,0.24 g/L,2.5 g/L,0.083 g/L,30.0 mg/L SO2,45.0 mg/L SO2,0.9959 g/cm³,pH 3.26,0.58 g/L,10.0% vol,Score: 5
671,8.2 g/L,0.73 g/L,0.21 g/L,1.7 g/L,0.074 g/L,5.0 mg/L SO2,13.0 mg/L SO2,0.9968 g/cm³,pH 3.2,0.52 g/L,9.5% vol,Score: 5
672,9.8 g/L,1.24 g/L,0.34 g/L,2.0 g/L,0.079 g/L,32.0 mg/L SO2,151.0 mg/L SO2,0.998 g/cm³,pH 3.15,0.53 g/L,9.5% vol,Score: 5
673,8.2 g/L,0.73 g/L,0.21 g/L,1.7 g/L,0.074 g/L,5.0 mg/L SO2,13.0 mg/L SO2,0.9968 g/cm³,pH 3.2,0.52 g/L,9.5% vol,Score: 5
674,10.8 g/L,0.4 g/L,0.41 g/L,2.2 g/L,0.084 g/L,7.0 mg/L SO2,17.0 mg/L SO2,0.9984 g/cm³,pH 3.08,0.67 g/L,9.3% vol,Score: 6
675,9.3 g/L,0.41 g/L,0.39 g/L,2.2 g/L,0.064 g/L,12.0 mg/L SO2,31.0 mg/L SO2,0.9984 g/cm³,pH 3.26,0.65 g/L,10.2% vol,Score: 5
676,10.8 g/L,0.4 g/L,0.41 g/L,2.2 g/L,0.084 g/L,7.0 mg/L SO2,17.0 mg/L SO2,0.9984 g/cm³,pH 3.08,0.67 g/L,9.3% vol,Score: 6
677,8.6 g/L,0.8 g/L,0.11 g/L,2.3 g/L,0.084 g/L,12.0 mg/L SO2,31.0 mg/L SO2,0.9979 g/cm³,pH 3.4,0.48 g/L,9.9% vol,Score: 5
678,8.3 g/L,0.78 g/L,0.1 g/L,2.6 g/L,0.081 g/L,45.0 mg/L SO2,87.0 mg/L SO2,0.9983 g/cm³,pH 3.48,0.53 g/L,10.0% vol,Score: 5
679,10.8 g/L,0.26 g/L,0.45 g/L,3.3 g/L,0.06 g/L,20.0 mg/L SO2,49.0 mg/L SO2,0.9972 g/cm³,pH 3.13,0.54 g/L,9.6% vol,Score: 5
680,13.3 g/L,0.43 g/L,0.58 g/L,1.9 g/L,0.07 g/L,15.0 mg/L SO2,40.0 mg/L SO2,1.0004 g/cm³,pH 3.06,0.49 g/L,9.0% vol,Score: 5
681,8.0 g/L,0.45 g/L,0.23 g/L,2.2 g/L,0.094 g/L,16.0 mg/L SO2,29.0 mg/L SO2,0.9962 g/cm³,pH 3.21,0.49 g/L,10.2% vol,Score: 6
682,8.5 g/L,0.46 g/L,0.31 g/L,2.25 g/L,0.078 g/L,32.0 mg/L SO2,58.0 mg/L SO2,0.998 g/cm³,pH 3.33,0.54 g/L,9.8% vol,Score: 5
683,8.1 g/L,0.78 g/L,0.23 g/L,2.6 g/L,0.059 g/L,5.0 mg/L SO2,15.0 mg/L SO2,0.997 g/cm³,pH 3.37,0.56 g/L,11.3% vol,Score: 5
684,9.8 g/L,0.98 g/L,0.32 g/L,2.3 g/L,0.078 g/L,35.0 mg/L SO2,152.0 mg/L SO2,0.998 g/cm³,pH 3.25,0.48 g/L,9.4% vol,Score: 5
685,8.1 g/L,0.78 g/L,0.23 g/L,2.6 g/L,0.059 g/L,5.0 mg/L SO2,15.0 mg/L SO2,0.997 g/cm³,pH 3.37,0.56 g/L,11.3% vol,Score: 5
686,7.1 g/L,0.65 g/L,0.18 g/L,1.8 g/L,0.07 g/L,13.0 mg/L SO2,40.0 mg/L SO2,0.997 g/cm³,pH 3.44,0.6 g/L,9.1% vol,Score: 5
687,9.1 g/L,0.64 g/L,0.23 g/L,3.1 g/L,0.095 g/L,13.0 mg/L SO2,38.0 mg/L SO2,0.9998 g/cm³,pH 3.28,0.59 g/L,9.7% vol,Score: 5
688,7.7 g/L,0.66 g/L,0.04 g/L,1.6 g/L,0.039 g/L,4.0 mg/L SO2,9.0 mg/L SO2,0.9962 g/cm³,pH 3.4,0.47 g/L,9.4% vol,Score: 5
689,8.1 g/L,0.38 g/L,0.48 g/L,1.8 g/L,0.157 g/L,5.0 mg/L SO2,17.0 mg/L SO2,0.9976 g/cm³,pH 3.3,1.05 g/L,9.4% vol,Score: 5
690,7.4 g/L,1.185 g/L,0.0 g/L,4.25 g/L,0.097 g/L,5.0 mg/L SO2,14.0 mg/L SO2,0.9966 g/cm³,pH 3.63,0.54 g/L,10.7% vol,Score: 3
691,9.2 g/L,0.92 g/L,0.24 g/L,2.6 g/L,0.087 g/L,12.0 mg/L SO2,93.0 mg/L SO2,0.9998 g/cm³,pH 3.48,0.54 g/L,9.8% vol,Score: 5
692,8.6 g/L,0.49 g/L,0.51 g/L,2.0 g/L,0.422 g/L,16.0 mg/L SO2,62.0 mg/L SO2,0.9979 g/cm³,pH 3.03,1.17 g/L,9.0% vol,Score: 5
693,9.0 g/L,0.48 g/L,0.32 g/L,2.8 g/L,0.084 g/L,21.0 mg/L SO2,122.0 mg/L SO2,0.9984 g/cm³,pH 3.32,0.62 g/L,9.4% vol,Score: 5
694,9.0 g/L,0.47 g/L,0.31 g/L,2.7 g/L,0.084 g/L,24.0 mg/L SO2,125.0 mg/L SO2,0.9984 g/cm³,pH 3.31,0.61 g/L,9.4% vol,Score: 5
695,5.1 g/L,0.47 g/L,0.02 g/L,1.3 g/L,0.034 g/L,18.0 mg/L SO2,44.0 mg/L SO2,0.9921 g/cm³,pH 3.9,0.62 g/L,12.8% vol,Score: 6
696,7.0 g/L,0.65 g/L,0.02 g/L,2.1 g/L,0.066 g/L,8.0 mg/L SO2,25.0 mg/L SO2,0.9972 g/cm³,pH 3.47,0.67 g/L,9.5% vol,Score: 6
697,7.0 g/L,0.65 g/L,0.02 g/L,2.1 g/L,0.066 g/L,8.0 mg/L SO2,25.0 mg/L SO2,0.9972 g/cm³,pH 3.47,0.67 g/L,9.5% vol,Score: 6
698,9.4 g/L,0.615 g/L,0.28 g/L,3.2 g/L,0.087 g/L,18.0 mg/L SO2,72.0 mg/L SO2,1.0001 g/cm³,pH 3.31,0.53 g/L,9.7% vol,Score: 5
699,11.8 g/L,0.38 g/L,0.55 g/L,2.1 g/L,0.071 g/L,5.0 mg/L SO2,19.0 mg/L SO2,0.9986 g/cm³,pH 3.11,0.62 g/L,10.8% vol,Score: 6
700,10.6 g/L,1.02 g/L,0.43 g/L,2.9 g/L,0.076 g/L,26.0 mg/L SO2,88.0 mg/L SO2,0.9984 g/cm³,pH 3.08,0.57 g/L,10.1% vol,Score: 6
701,7.0 g/L,0.65 g/L,0.02 g/L,2.1 g/L,0.066 g/L,8.0 mg/L SO2,25.0 mg/L SO2,0.9972 g/cm³,pH 3.47,0.67 g/L,9.5% vol,Score: 6
702,7.0 g/L,0.64 g/L,0.02 g/L,2.1 g/L,0.067 g/L,9.0 mg/L SO2,23.0 mg/L SO2,0.997 g/cm³,pH 3.47,0.67 g/L,9.4% vol,Score: 6
703,7.5 g/L,0.38 g/L,0.48 g/L,2.6 g/L,0.073 g/L,22.0 mg/L SO2,84.0 mg/L SO2,0.9972 g/cm³,pH 3.32,0.7 g/L,9.6% vol,Score: 4
704,9.1 g/L,0.765 g/L,0.04 g/L,1.6 g/L,0.078 g/L,4.0 mg/L SO2,14.0 mg/L SO2,0.998 g/cm³,pH 3.29,0.54 g/L,9.7% vol,Score: 4
705,8.4 g/L,1.035 g/L,0.15 g/L,6.0 g/L,0.073 g/L,11.0 mg/L SO2,54.0 mg/L SO2,0.999 g/cm³,pH 3.37,0.49 g/L,9.9% vol,Score: 5
706,7.0 g/L,0.78 g/L,0.08 g/L,2.0 g/L,0.093 g/L,10.0 mg/L SO2,19.0 mg/L SO2,0.9956 g/cm³,pH 3.4,0.47 g/L,10.0% vol,Score: 5
707,7.4 g/L,0.49 g/L,0.19 g/L,3.0 g/L,0.077 g/L,16.0 mg/L SO2,37.0 mg/L SO2,0.9966 g/cm³,pH 3.37,0.51 g/L,10.5% vol,Score: 5
708,7.8 g/L,0.545 g/L,0.12 g/L,2.5 g/L,0.068 g/L,11.0 mg/L SO2,35.0 mg/L SO2,0.996 g/cm³,pH 3.34,0.61 g/L,11.6% vol,Score: 6
709,9.7 g/L,0.31 g/L,0.47 g/L,1.6 g/L,0.062 g/L,13.0 mg/L SO2,33.0 mg/L SO2,0.9983 g/cm³,pH 3.27,0.66 g/L,10.0% vol,Score: 6
710,10.6 g/L,1.025 g/L,0.43 g/L,2.8 g/L,0.08 g/L,21.0 mg/L SO2,84.0 mg/L SO2,0.9985 g/cm³,pH 3.06,0.57 g/L,10.1% vol,Score: 5
711,8.9 g/L,0.565 g/L,0.34 g/L,3.0 g/L,0.093 g/L,16.0 mg/L SO2,112.0 mg/L SO2,0.9998 g/cm³,pH 3.38,0.61 g/L,9.5% vol,Score: 5
712,8.7 g/L,0.69 g/L,0.0 g/L,3.2 g/L,0.084 g/L,13.0 mg/L SO2,33.0 mg/L SO2,0.9992 g/cm³,pH 3.36,0.45 g/L,9.4% vol,Score: 5
713,8.0 g/L,0.43 g/L,0.36 g/L,2.3 g/L,0.075 g/L,10.0 mg/L SO2,48.0 mg/L SO2,0.9976 g/cm³,pH 3.34,0.46 g/L,9.4% vol,Score: 5
714,9.9 g/L,0.74 g/L,0.28 g/L,2.6 g/L,0.078 g/L,21.0 mg/L SO2,77.0 mg/L SO2,0.998 g/cm³,pH 3.28,0.51 g/L,9.8% vol,Score: 5
715,7.2 g/L,0.49 g/L,0.18 g/L,2.7 g/L,0.069 g/L,13.0 mg/L SO2,34.0 mg/L SO2,0.9967 g/cm³,pH 3.29,0.48 g/L,9.2% vol,Score: 6
716,8.0 g/L,0.43 g/L,0.36 g/L,2.3 g/L,0.075 g/L,10.0 mg/L SO2,48.0 mg/L SO2,0.9976 g/cm³,pH 3.34,0.46 g/L,9.4% vol,Score: 5
717,7.6 g/L,0.46 g/L,0.11 g/L,2.6 g/L,0.079 g/L,12.0 mg/L SO2,49.0 mg/L SO2,0.9968 g/cm³,pH 3.21,0.57 g/L,10.0% vol,Score: 5
718,8.4 g/L,0.56 g/L,0.04 g/L,2.0 g/L,0.082 g/L,10.0 mg/L SO2,22.0 mg/L SO2,0.9976 g/cm³,pH 3.22,0.44 g/L,9.6% vol,Score: 5
719,7.1 g/L,0.66 g/L,0.0 g/L,3.9 g/L,0.086 g/L,17.0 mg/L SO2,45.0 mg/L SO2,0.9976 g/cm³,pH 3.46,0.54 g/L,9.5% vol,Score: 5
720,8.4 g/L,0.56 g/L,0.04 g/L,2.0 g/L,0.082 g/L,10.0 mg/L SO2,22.0 mg/L SO2,0.9976 g/cm³,pH 3.22,0.44 g/L,9.6% vol,Score: 5
721,8.9 g/L,0.48 g/L,0.24 g/L,2.85 g/L,0.094 g/L,35.0 mg/L SO2,106.0 mg/L SO2,0.9982 g/cm³,pH 3.1,0.53 g/L,9.2% vol,Score: 5
722,7.6 g/L,0.42 g/L,0.08 g/L,2.7 g/L,0.084 g/L,15.0 mg/L SO2,48.0 mg/L SO2,0.9968 g/cm³,pH 3.21,0.59 g/L,10.0% vol,Score: 5
723,7.1 g/L,0.31 g/L,0.3 g/L,2.2 g/L,0.053 g/L,36.0 mg/L SO2,127.0 mg/L SO2,0.9965 g/cm³,pH 2.94,1.62 g/L,9.5% vol,Score: 5
724,7.5 g/L,1.115 g/L,0.1 g/L,3.1 g/L,0.086 g/L,5.0 mg/L SO2,12.0 mg/L SO2,0.9958 g/cm³,pH 3.54,0.6 g/L,11.2% vol,Score: 4
725,9.0 g/L,0.66 g/L,0.17 g/L,3.0 g/L,0.077 g/L,5.0 mg/L SO2,13.0 mg/L SO2,0.9976 g/cm³,pH 3.29,0.55 g/L,10.4% vol,Score: 5
726,8.1 g/L,0.72 g/L,0.09 g/L,2.8 g/L,0.084 g/L,18.0 mg/L SO2,49.0 mg/L SO2,0.9994 g/cm³,pH 3.43,0.72 g/L,11.1% vol,Score: 6
727,6.4 g/L,0.57 g/L,0.02 g/L,1.8 g/L,0.067 g/L,4.0 mg/L SO2,11.0 mg/L SO2,0.997 g/cm³,pH 3.46,0.68 g/L,9.5% vol,Score: 5
728,6.4 g/L,0.57 g/L,0.02 g/L,1.8 g/L,0.067 g/L,4.0 mg/L SO2,11.0 mg/L SO2,0.997 g/cm³,pH 3.46,0.68 g/L,9.5% vol,Score: 5
729,6.4 g/L,0.865 g/L,0.03 g/L,3.2 g/L,0.071 g/L,27.0 mg/L SO2,58.0 mg/L SO2,0.995 g/cm³,pH 3.61,0.49 g/L,12.7% vol,Score: 6
730,9.5 g/L,0.55 g/L,0.66 g/L,2.3 g/L,0.387 g/L,12.0 mg/L SO2,37.0 mg/L SO2,0.9982 g/cm³,pH 3.17,0.67 g/L,9.6% vol,Score: 5
731,8.9 g/L,0.875 g/L,0.13 g/L,3.45 g/L,0.088 g/L,4.0 mg/L SO2,14.0 mg/L SO2,0.9994 g/cm³,pH 3.44,0.52 g/L,11.5% vol,Score: 5
732,7.3 g/L,0.835 g/L,0.03 g/L,2.1 g/L,0.092 g/L,10.0 mg/L SO2,19.0 mg/L SO2,0.9966 g/cm³,pH 3.39,0.47 g/L,9.6% vol,Score: 5
733,7.0 g/L,0.45 g/L,0.34 g/L,2.7 g/L,0.082 g/L,16.0 mg/L SO2,72.0 mg/L SO2,0.998 g/cm³,pH 3.55,0.6 g/L,9.5% vol,Score: 5
734,7.7 g/L,0.56 g/L,0.2 g/L,2.0 g/L,0.075 g/L,9.0 mg/L SO2,39.0 mg/L SO2,0.9987 g/cm³,pH 3.48,0.62 g/L,9.3% vol,Score: 5
735,7.7 g/L,0.965 g/L,0.1 g/L,2.1 g/L,0.112 g/L,11.0 mg/L SO2,22.0 mg/L SO2,0.9963 g/cm³,pH 3.26,0.5 g/L,9.5% vol,Score: 5
736,7.7 g/L,0.965 g/L,0.1 g/L,2.1 g/L,0.112 g/L,11.0 mg/L SO2,22.0 mg/L SO2,0.9963 g/cm³,pH 3.26,0.5 g/L,9.5% vol,Score: 5
737,8.2 g/L,0.59 g/L,0.0 g/L,2.5 g/L,0.093 g/L,19.0 mg/L SO2,58.0 mg/L SO2,1.0002 g/cm³,pH 3.5,0.65 g/L,9.3% vol,Score: 6
738,9.0 g/L,0.46 g/L,0.23 g/L,2.8 g/L,0.092 g/L,28.0 mg/L SO2,104.0 mg/L SO2,0.9983 g/cm³,pH 3.1,0.56 g/L,9.2% vol,Score: 5
739,9.0 g/L,0.69 g/L,0.0 g/L,2.4 g/L,0.088 g/L,19.0 mg/L SO2,38.0 mg/L SO2,0.999 g/cm³,pH 3.35,0.6 g/L,9.3% vol,Score: 5
740,8.3 g/L,0.76 g/L,0.29 g/L,4.2 g/L,0.075 g/L,12.0 mg/L SO2,16.0 mg/L SO2,0.9965 g/cm³,pH 3.45,0.68 g/L,11.5% vol,Score: 6
741,9.2 g/L,0.53 g/L,0.24 g/L,2.6 g/L,0.078 g/L,28.0 mg/L SO2,139.0 mg/L SO2,0.99788 g/cm³,pH 3.21,0.57 g/L,9.5% vol,Score: 5
742,6.5 g/L,0.615 g/L,0.0 g/L,1.9 g/L,0.065 g/L,9.0 mg/L SO2,18.0 mg/L SO2,0.9972 g/cm³,pH 3.46,0.65 g/L,9.2% vol,Score: 5
743,11.6 g/L,0.41 g/L,0.58 g/L,2.8 g/L,0.096 g/L,25.0 mg/L SO2,101.0 mg/L SO2,1.00024 g/cm³,pH 3.13,0.53 g/L,10.0% vol,Score: 5
744,11.1 g/L,0.39 g/L,0.54 g/L,2.7 g/L,0.095 g/L,21.0 mg/L SO2,101.0 mg/L SO2,1.0001 g/cm³,pH 3.13,0.51 g/L,9.5% vol,Score: 5
745,7.3 g/L,0.51 g/L,0.18 g/L,2.1 g/L,0.07 g/L,12.0 mg/L SO2,28.0 mg/L SO2,0.99768 g/cm³,pH 3.52,0.73 g/L,9.5% vol,Score: 6
746,8.2 g/L,0.34 g/L,0.38 g/L,2.5 g/L,0.08 g/L,12.0 mg/L SO2,57.0 mg/L SO2,0.9978 g/cm³,pH 3.3,0.47 g/L,9.0% vol,Score: 6
747,8.6 g/L,0.33 g/L,0.4 g/L,2.6 g/L,0.083 g/L,16.0 mg/L SO2,68.0 mg/L SO2,0.99782 g/cm³,pH 3.3,0.48 g/L,9.4% vol,Score: 5
748,7.2 g/L,0.5 g/L,0.18 g/L,2.1 g/L,0.071 g/L,12.0 mg/L SO2,31.0 mg/L SO2,0.99761 g/cm³,pH 3.52,0.72 g/L,9.6% vol,Score: 6
749,7.3 g/L,0.51 g/L,0.18 g/L,2.1 g/L,0.07 g/L,12.0 mg/L SO2,28.0 mg/L SO2,0.99768 g/cm³,pH 3.52,0.73 g/L,9.5% vol,Score: 6
750,8.3 g/L,0.65 g/L,0.1 g/L,2.9 g/L,0.089 g/L,17.0 mg/L SO2,40.0 mg/L SO2,0.99803 g/cm³,pH 3.29,0.55 g/L,9.5% vol,Score: 5
751,8.3 g/L,0.65 g/L,0.1 g/L,2.9 g/L,0.089 g/L,17.0 mg/L SO2,40.0 mg/L SO2,0.99803 g/cm³,pH 3.29,0.55 g/L,9.5% vol,Score: 5
752,7.6 g/L,0.54 g/L,0.13 g/L,2.5 g/L,0.097 g/L,24.0 mg/L SO2,66.0 mg/L SO2,0.99785 g/cm³,pH 3.39,0.61 g/L,9.4% vol,Score: 5
753,8.3 g/L,0.65 g/L,0.1 g/L,2.9 g/L,0.089 g/L,17.0 mg/L SO2,40.0 mg/L SO2,0.99803 g/cm³,pH 3.29,0.55 g/L,9.5% vol,Score: 5
754,7.8 g/L,0.48 g/L,0.68 g/L,1.7 g/L,0.415 g/L,14.0 mg/L SO2,32.0 mg/L SO2,0.99656 g/cm³,pH 3.09,1.06 g/L,9.1% vol,Score: 6
755,7.8 g/L,0.91 g/L,0.07 g/L,1.9 g/L,0.058 g/L,22.0 mg/L SO2,47.0 mg/L SO2,0.99525 g/cm³,pH 3.51,0.43 g/L,10.7% vol,Score: 6
756,6.3 g/L,0.98 g/L,0.01 g/L,2.0 g/L,0.057 g/L,15.0 mg/L SO2,33.0 mg/L SO2,0.99488 g/cm³,pH 3.6,0.46 g/L,11.2% vol,Score: 6
757,8.1 g/L,0.87 g/L,0.0 g/L,2.2 g/L,0.084 g/L,10.0 mg/L SO2,31.0 mg/L SO2,0.99656 g/cm³,pH 3.25,0.5 g/L,9.8% vol,Score: 5
758,8.1 g/L,0.87 g/L,0.0 g/L,2.2 g/L,0.084 g/L,10.0 mg/L SO2,31.0 mg/L SO2,0.99656 g/cm³,pH 3.25,0.5 g/L,9.8% vol,Score: 5
759,8.8 g/L,0.42 g/L,0.21 g/L,2.5 g/L,0.092 g/L,33.0 mg/L SO2,88.0 mg/L SO2,0.99823 g/cm³,pH 3.19,0.52 g/L,9.2% vol,Score: 5
760,9.0 g/L,0.58 g/L,0.25 g/L,2.8 g/L,0.075 g/L,9.0 mg/L SO2,104.0 mg/L SO2,0.99779 g/cm³,pH 3.23,0.57 g/L,9.7% vol,Score: 5
761,9.3 g/L,0.655 g/L,0.26 g/L,2.0 g/L,0.096 g/L,5.0 mg/L SO2,35.0 mg/L SO2,0.99738 g/cm³,pH 3.25,0.42 g/L,9.6% vol,Score: 5
762,8.8 g/L,0.7 g/L,0.0 g/L,1.7 g/L,0.069 g/L,8.0 mg/L SO2,19.0 mg/L SO2,0.99701 g/cm³,pH 3.31,0.53 g/L,10.0% vol,Score: 6
763,9.3 g/L,0.655 g/L,0.26 g/L,2.0 g/L,0.096 g/L,5.0 mg/L SO2,35.0 mg/L SO2,0.99738 g/cm³,pH 3.25,0.42 g/L,9.6% vol,Score: 5
764,9.1 g/L,0.68 g/L,0.11 g/L,2.8 g/L,0.093 g/L,11.0 mg/L SO2,44.0 mg/L SO2,0.99888 g/cm³,pH 3.31,0.55 g/L,9.5% vol,Score: 6
765,9.2 g/L,0.67 g/L,0.1 g/L,3.0 g/L,0.091 g/L,12.0 mg/L SO2,48.0 mg/L SO2,0.99888 g/cm³,pH 3.31,0.54 g/L,9.5% vol,Score: 6
766,8.8 g/L,0.59 g/L,0.18 g/L,2.9 g/L,0.089 g/L,12.0 mg/L SO2,74.0 mg/L SO2,0.99738 g/cm³,pH 3.14,0.54 g/L,9.4% vol,Score: 5
767,7.5 g/L,0.6 g/L,0.32 g/L,2.7 g/L,0.103 g/L,13.0 mg/L SO2,98.0 mg/L SO2,0.99938 g/cm³,pH 3.45,0.62 g/L,9.5% vol,Score: 5
768,7.1 g/L,0.59 g/L,0.02 g/L,2.3 g/L,0.082 g/L,24.0 mg/L SO2,94.0 mg/L SO2,0.99744 g/cm³,pH 3.55,0.53 g/L,9.7% vol,Score: 6
769,7.9 g/L,0.72 g/L,0.01 g/L,1.9 g/L,0.076 g/L,7.0 mg/L SO2,32.0 mg/L SO2,0.99668 g/cm³,pH 3.39,0.54 g/L,9.6% vol,Score: 5
770,7.1 g/L,0.59 g/L,0.02 g/L,2.3 g/L,0.082 g/L,24.0 mg/L SO2,94.0 mg/L SO2,0.99744 g/cm³,pH 3.55,0.53 g/L,9.7% vol,Score: 6
771,9.4 g/L,0.685 g/L,0.26 g/L,2.4 g/L,0.082 g/L,23.0 mg/L SO2,143.0 mg/L SO2,0.9978 g/cm³,pH 3.28,0.55 g/L,9.4% vol,Score: 5
772,9.5 g/L,0.57 g/L,0.27 g/L,2.3 g/L,0.082 g/L,23.0 mg/L SO2,144.0 mg/L SO2,0.99782 g/cm³,pH 3.27,0.55 g/L,9.4% vol,Score: 5
773,7.9 g/L,0.4 g/L,0.29 g/L,1.8 g/L,0.157 g/L,1.0 mg/L SO2,44.0 mg/L SO2,0.9973 g/cm³,pH 3.3,0.92 g/L,9.5% vol,Score: 6
774,7.9 g/L,0.4 g/L,0.3 g/L,1.8 g/L,0.157 g/L,2.0 mg/L SO2,45.0 mg/L SO2,0.99727 g/cm³,pH 3.31,0.91 g/L,9.5% vol,Score: 6
775,7.2 g/L,1.0 g/L,0.0 g/L,3.0 g/L,0.102 g/L,7.0 mg/L SO2,16.0 mg/L SO2,0.99586 g/cm³,pH 3.43,0.46 g/L,10.0% vol,Score: 5
776,6.9 g/L,0.765 g/L,0.18 g/L,2.4 g/L,0.243 g/L,5.5 mg/L SO2,48.0 mg/L SO2,0.99612 g/cm³,pH 3.4,0.6 g/L,10.3% vol,Score: 6
777,6.9 g/L,0.635 g/L,0.17 g/L,2.4 g/L,0.241 g/L,6.0 mg/L SO2,18.0 mg/L SO2,0.9961 g/cm³,pH 3.4,0.59 g/L,10.3% vol,Score: 6
778,8.3 g/L,0.43 g/L,0.3 g/L,3.4 g/L,0.079 g/L,7.0 mg/L SO2,34.0 mg/L SO2,0.99788 g/cm³,pH 3.36,0.61 g/L,10.5% vol,Score: 5
779,7.1 g/L,0.52 g/L,0.03 g/L,2.6 g/L,0.076 g/L,21.0 mg/L SO2,92.0 mg/L SO2,0.99745 g/cm³,pH 3.5,0.6 g/L,9.8% vol,Score: 5
780,7.0 g/L,0.57 g/L,0.0 g/L,2.0 g/L,0.19 g/L,12.0 mg/L SO2,45.0 mg/L SO2,0.99676 g/cm³,pH 3.31,0.6 g/L,9.4% vol,Score: 6
781,6.5 g/L,0.46 g/L,0.14 g/L,2.4 g/L,0.114 g/L,9.0 mg/L SO2,37.0 mg/L SO2,0.99732 g/cm³,pH 3.66,0.65 g/L,9.8% vol,Score: 5
782,9.0 g/L,0.82 g/L,0.05 g/L,2.4 g/L,0.081 g/L,26.0 mg/L SO2,96.0 mg/L SO2,0.99814 g/cm³,pH 3.36,0.53 g/L,10.0% vol,Score: 5
783,6.5 g/L,0.46 g/L,0.14 g/L,2.4 g/L,0.114 g/L,9.0 mg/L SO2,37.0 mg/L SO2,0.99732 g/cm³,pH 3.66,0.65 g/L,9.8% vol,Score: 5
784,7.1 g/L,0.59 g/L,0.01 g/L,2.5 g/L,0.077 g/L,20.0 mg/L SO2,85.0 mg/L SO2,0.99746 g/cm³,pH 3.55,0.59 g/L,9.8% vol,Score: 5
785,9.9 g/L,0.35 g/L,0.41 g/L,2.3 g/L,0.083 g/L,11.0 mg/L SO2,61.0 mg/L SO2,0.9982 g/cm³,pH 3.21,0.5 g/L,9.5% vol,Score: 5
786,9.9 g/L,0.35 g/L,0.41 g/L,2.3 g/L,0.083 g/L,11.0 mg/L SO2,61.0 mg/L SO2,0.9982 g/cm³,pH 3.21,0.5 g/L,9.5% vol,Score: 5
787,10.0 g/L,0.56 g/L,0.24 g/L,2.2 g/L,0.079 g/L,19.0 mg/L SO2,58.0 mg/L SO2,0.9991 g/cm³,pH 3.18,0.56 g/L,10.1% vol,Score: 6
788,10.0 g/L,0.56 g/L,0.24 g/L,2.2 g/L,0.079 g/L,19.0 mg/L SO2,58.0 mg/L SO2,0.9991 g/cm³,pH 3.18,0.56 g/L,10.1% vol,Score: 6
789,8.6 g/L,0.63 g/L,0.17 g/L,2.9 g/L,0.099 g/L,21.0 mg/L SO2,119.0 mg/L SO2,0.998 g/cm³,pH 3.09,0.52 g/L,9.3% vol,Score: 5
790,7.4 g/L,0.37 g/L,0.43 g/L,2.6 g/L,0.082 g/L,18.0 mg/L SO2,82.0 mg/L SO2,0.99708 g/cm³,pH 3.33,0.68 g/L,9.7% vol,Score: 6
791,8.8 g/L,0.64 g/L,0.17 g/L,2.9 g/L,0.084 g/L,25.0 mg/L SO2,130.0 mg/L SO2,0.99818 g/cm³,pH 3.23,0.54 g/L,9.6% vol,Score: 5
792,7.1 g/L,0.61 g/L,0.02 g/L,2.5 g/L,0.081 g/L,17.0 mg/L SO2,87.0 mg/L SO2,0.99745 g/cm³,pH 3.48,0.6 g/L,9.7% vol,Score: 6
793,7.7 g/L,0.6 g/L,0.0 g/L,2.6 g/L,0.055 g/L,7.0 mg/L SO2,13.0 mg/L SO2,0.99639 g/cm³,pH 3.38,0.56 g/L,10.8% vol,Score: 5
794,10.1 g/L,0.27 g/L,0.54 g/L,2.3 g/L,0.065 g/L,7.0 mg/L SO2,26.0 mg/L SO2,0.99531 g/cm³,pH 3.17,0.53 g/L,12.5% vol,Score: 6
795,10.8 g/L,0.89 g/L,0.3 g/L,2.6 g/L,0.132 g/L,7.0 mg/L SO2,60.0 mg/L SO2,0.99786 g/cm³,pH 2.99,1.18 g/L,10.2% vol,Score: 5
796,8.7 g/L,0.46 g/L,0.31 g/L,2.5 g/L,0.126 g/L,24.0 mg/L SO2,64.0 mg/L SO2,0.99746 g/cm³,pH 3.1,0.74 g/L,9.6% vol,Score: 5
797,9.3 g/L,0.37 g/L,0.44 g/L,1.6 g/L,0.038 g/L,21.0 mg/L SO2,42.0 mg/L SO2,0.99526 g/cm³,pH 3.24,0.81 g/L,10.8% vol,Score: 7
798,9.4 g/L,0.5 g/L,0.34 g/L,3.6 g/L,0.082 g/L,5.0 mg/L SO2,14.0 mg/L SO2,0.9987 g/cm³,pH 3.29,0.52 g/L,10.7% vol,Score: 6
799,9.4 g/L,0.5 g/L,0.34 g/L,3.6 g/L,0.082 g/L,5.0 mg/L SO2,14.0 mg/L SO2,0.9987 g/cm³,pH 3.29,0.52 g/L,10.7% vol,Score: 6
800,7.2 g/L,0.61 g/L,0.08 g/L,4.0 g/L,0.082 g/L,26.0 mg/L SO2,108.0 mg/L SO2,0.99641 g/cm³,pH 3.25,0.51 g/L,9.4% vol,Score: 5
801,8.6 g/L,0.55 g/L,0.09 g/L,3.3 g/L,0.068 g/L,8.0 mg/L SO2,17.0 mg/L SO2,0.99735 g/cm³,pH 3.23,0.44 g/L,10.0% vol,Score: 5
802,5.1 g/L,0.585 g/L,0.0 g/L,1.7 g/L,0.044 g/L,14.0 mg/L SO2,86.0 mg/L SO2,0.99264 g/cm³,pH 3.56,0.94 g/L,12.9% vol,Score: 7
803,7.7 g/L,0.56 g/L,0.08 g/L,2.5 g/L,0.114 g/L,14.0 mg/L SO2,46.0 mg/L SO2,0.9971 g/cm³,pH 3.24,0.66 g/L,9.6% vol,Score: 6
804,8.4 g/L,0.52 g/L,0.22 g/L,2.7 g/L,0.084 g/L,4.0 mg/L SO2,18.0 mg/L SO2,0.99682 g/cm³,pH 3.26,0.57 g/L,9.9% vol,Score: 6
805,8.2 g/L,0.28 g/L,0.4 g/L,2.4 g/L,0.052 g/L,4.0 mg/L SO2,10.0 mg/L SO2,0.99356 g/cm³,pH 3.33,0.7 g/L,12.8% vol,Score: 7
806,8.4 g/L,0.25 g/L,0.39 g/L,2.0 g/L,0.041 g/L,4.0 mg/L SO2,10.0 mg/L SO2,0.99386 g/cm³,pH 3.27,0.71 g/L,12.5% vol,Score: 7
807,8.2 g/L,0.28 g/L,0.4 g/L,2.4 g/L,0.052 g/L,4.0 mg/L SO2,10.0 mg/L SO2,0.99356 g/cm³,pH 3.33,0.7 g/L,12.8% vol,Score: 7
808,7.4 g/L,0.53 g/L,0.12 g/L,1.9 g/L,0.165 g/L,4.0 mg/L SO2,12.0 mg/L SO2,0.99702 g/cm³,pH 3.26,0.86 g/L,9.2% vol,Score: 5
809,7.6 g/L,0.48 g/L,0.31 g/L,2.8 g/L,0.07 g/L,4.0 mg/L SO2,15.0 mg/L SO2,0.99693 g/cm³,pH 3.22,0.55 g/L,10.3% vol,Score: 6
810,7.3 g/L,0.49 g/L,0.1 g/L,2.6 g/L,0.068 g/L,4.0 mg/L SO2,14.0 mg/L SO2,0.99562 g/cm³,pH 3.3,0.47 g/L,10.5% vol,Score: 5
811,12.9 g/L,0.5 g/L,0.55 g/L,2.8 g/L,0.072 g/L,7.0 mg/L SO2,24.0 mg/L SO2,1.00012 g/cm³,pH 3.09,0.68 g/L,10.9% vol,Score: 6
812,10.8 g/L,0.45 g/L,0.33 g/L,2.5 g/L,0.099 g/L,20.0 mg/L SO2,38.0 mg/L SO2,0.99818 g/cm³,pH 3.24,0.71 g/L,10.8% vol,Score: 5
813,6.9 g/L,0.39 g/L,0.24 g/L,2.1 g/L,0.102 g/L,4.0 mg/L SO2,7.0 mg/L SO2,0.99462 g/cm³,pH 3.44,0.58 g/L,11.4% vol,Score: 4
814,12.6 g/L,0.41 g/L,0.54 g/L,2.8 g/L,0.103 g/L,19.0 mg/L SO2,41.0 mg/L SO2,0.99939 g/cm³,pH 3.21,0.76 g/L,11.3% vol,Score: 6
815,10.8 g/L,0.45 g/L,0.33 g/L,2.5 g/L,0.099 g/L,20.0 mg/L SO2,38.0 mg/L SO2,0.99818 g/cm³,pH 3.24,0.71 g/L,10.8% vol,Score: 5
816,9.8 g/L,0.51 g/L,0.19 g/L,3.2 g/L,0.081 g/L,8.0 mg/L SO2,30.0 mg/L SO2,0.9984 g/cm³,pH 3.23,0.58 g/L,10.5% vol,Score: 6
817,10.8 g/L,0.29 g/L,0.42 g/L,1.6 g/L,0.084 g/L,19.0 mg/L SO2,27.0 mg/L SO2,0.99545 g/cm³,pH 3.28,0.73 g/L,11.9% vol,Score: 6
818,7.1 g/L,0.715 g/L,0.0 g/L,2.35 g/L,0.071 g/L,21.0 mg/L SO2,47.0 mg/L SO2,0.99632 g/cm³,pH 3.29,0.45 g/L,9.4% vol,Score: 5
819,9.1 g/L,0.66 g/L,0.15 g/L,3.2 g/L,0.097 g/L,9.0 mg/L SO2,59.0 mg/L SO2,0.99976 g/cm³,pH 3.28,0.54 g/L,9.6% vol,Score: 5
820,7.0 g/L,0.685 g/L,0.0 g/L,1.9 g/L,0.099 g/L,9.0 mg/L SO2,22.0 mg/L SO2,0.99606 g/cm³,pH 3.34,0.6 g/L,9.7% vol,Score: 5
821,4.9 g/L,0.42 g/L,0.0 g/L,2.1 g/L,0.048 g/L,16.0 mg/L SO2,42.0 mg/L SO2,0.99154 g/cm³,pH 3.71,0.74 g/L,14.0% vol,Score: 7
822,6.7 g/L,0.54 g/L,0.13 g/L,2.0 g/L,0.076 g/L,15.0 mg/L SO2,36.0 mg/L SO2,0.9973 g/cm³,pH 3.61,0.64 g/L,9.8% vol,Score: 5
823,6.7 g/L,0.54 g/L,0.13 g/L,2.0 g/L,0.076 g/L,15.0 mg/L SO2,36.0 mg/L SO2,0.9973 g/cm³,pH 3.61,0.64 g/L,9.8% vol,Score: 5
824,7.1 g/L,0.48 g/L,0.28 g/L,2.8 g/L,0.068 g/L,6.0 mg/L SO2,16.0 mg/L SO2,0.99682 g/cm³,pH 3.24,0.53 g/L,10.3% vol,Score: 5
825,7.1 g/L,0.46 g/L,0.14 g/L,2.8 g/L,0.076 g/L,15.0 mg/L SO2,37.0 mg/L SO2,0.99624 g/cm³,pH 3.36,0.49 g/L,10.7% vol,Score: 5
826,7.5 g/L,0.27 g/L,0.34 g/L,2.3 g/L,0.05 g/L,4.0 mg/L SO2,8.0 mg/L SO2,0.9951 g/cm³,pH 3.4,0.64 g/L,11.0% vol,Score: 7
827,7.1 g/L,0.46 g/L,0.14 g/L,2.8 g/L,0.076 g/L,15.0 mg/L SO2,37.0 mg/L SO2,0.99624 g/cm³,pH 3.36,0.49 g/L,10.7% vol,Score: 5
828,7.8 g/L,0.57 g/L,0.09 g/L,2.3 g/L,0.065 g/L,34.0 mg/L SO2,45.0 mg/L SO2,0.99417 g/cm³,pH 3.46,0.74 g/L,12.7% vol,Score: 8
829,5.9 g/L,0.61 g/L,0.08 g/L,2.1 g/L,0.071 g/L,16.0 mg/L SO2,24.0 mg/L SO2,0.99376 g/cm³,pH 3.56,0.77 g/L,11.1% vol,Score: 6
830,7.5 g/L,0.685 g/L,0.07 g/L,2.5 g/L,0.058 g/L,5.0 mg/L SO2,9.0 mg/L SO2,0.99632 g/cm³,pH 3.38,0.55 g/L,10.9% vol,Score: 4
831,5.9 g/L,0.61 g/L,0.08 g/L,2.1 g/L,0.071 g/L,16.0 mg/L SO2,24.0 mg/L SO2,0.99376 g/cm³,pH 3.56,0.77 g/L,11.1% vol,Score: 6
832,10.4 g/L,0.44 g/L,0.42 g/L,1.5 g/L,0.145 g/L,34.0 mg/L SO2,48.0 mg/L SO2,0.99832 g/cm³,pH 3.38,0.86 g/L,9.9% vol,Score: 3
833,11.6 g/L,0.47 g/L,0.44 g/L,1.6 g/L,0.147 g/L,36.0 mg/L SO2,51.0 mg/L SO2,0.99836 g/cm³,pH 3.38,0.86 g/L,9.9% vol,Score: 4
834,8.8 g/L,0.685 g/L,0.26 g/L,1.6 g/L,0.088 g/L,16.0 mg/L SO2,23.0 mg/L SO2,0.99694 g/cm³,pH 3.32,0.47 g/L,9.4% vol,Score: 5
835,7.6 g/L,0.665 g/L,0.1 g/L,1.5 g/L,0.066 g/L,27.0 mg/L SO2,55.0 mg/L SO2,0.99655 g/cm³,pH 3.39,0.51 g/L,9.3% vol,Score: 5
836,6.7 g/L,0.28 g/L,0.28 g/L,2.4 g/L,0.012 g/L,36.0 mg/L SO2,100.0 mg/L SO2,0.99064 g/cm³,pH 3.26,0.39 g/L,11.7% vol,Score: 7
837,6.7 g/L,0.28 g/L,0.28 g/L,2.4 g/L,0.012 g/L,36.0 mg/L SO2,100.0 mg/L SO2,0.99064 g/cm³,pH 3.26,0.39 g/L,11.7% vol,Score: 7
838,10.1 g/L,0.31 g/L,0.35 g/L,1.6 g/L,0.075 g/L,9.0 mg/L SO2,28.0 mg/L SO2,0.99672 g/cm³,pH 3.24,0.83 g/L,11.2% vol,Score: 7
839,6.0 g/L,0.5 g/L,0.04 g/L,2.2 g/L,0.092 g/L,13.0 mg/L SO2,26.0 mg/L SO2,0.99647 g/cm³,pH 3.46,0.47 g/L,10.0% vol,Score: 5
840,11.1 g/L,0.42 g/L,0.47 g/L,2.65 g/L,0.085 g/L,9.0 mg/L SO2,34.0 mg/L SO2,0.99736 g/cm³,pH 3.24,0.77 g/L,12.1% vol,Score: 7
841,6.6 g/L,0.66 g/L,0.0 g/L,3.0 g/L,0.115 g/L,21.0 mg/L SO2,31.0 mg/L SO2,0.99629 g/cm³,pH 3.45,0.63 g/L,10.3% vol,Score: 5
842,10.6 g/L,0.5 g/L,0.45 g/L,2.6 g/L,0.119 g/L,34.0 mg/L SO2,68.0 mg/L SO2,0.99708 g/cm³,pH 3.23,0.72 g/L,10.9% vol,Score: 6
843,7.1 g/L,0.685 g/L,0.35 g/L,2.0 g/L,0.088 g/L,9.0 mg/L SO2,92.0 mg/L SO2,0.9963 g/cm³,pH 3.28,0.62 g/L,9.4% vol,Score: 5
844,9.9 g/L,0.25 g/L,0.46 g/L,1.7 g/L,0.062 g/L,26.0 mg/L SO2,42.0 mg/L SO2,0.9959 g/cm³,pH 3.18,0.83 g/L,10.6% vol,Score: 6
845,6.4 g/L,0.64 g/L,0.21 g/L,1.8 g/L,0.081 g/L,14.0 mg/L SO2,31.0 mg/L SO2,0.99689 g/cm³,pH 3.59,0.66 g/L,9.8% vol,Score: 5
846,6.4 g/L,0.64 g/L,0.21 g/L,1.8 g/L,0.081 g/L,14.0 mg/L SO2,31.0 mg/L SO2,0.99689 g/cm³,pH 3.59,0.66 g/L,9.8% vol,Score: 5
847,7.4 g/L,0.68 g/L,0.16 g/L,1.8 g/L,0.078 g/L,12.0 mg/L SO2,39.0 mg/L SO2,0.9977 g/cm³,pH 3.5,0.7 g/L,9.9% vol,Score: 6
848,6.4 g/L,0.64 g/L,0.21 g/L,1.8 g/L,0.081 g/L,14.0 mg/L SO2,31.0 mg/L SO2,0.99689 g/cm³,pH 3.59,0.66 g/L,9.8% vol,Score: 5
849,6.4 g/L,0.63 g/L,0.21 g/L,1.6 g/L,0.08 g/L,12.0 mg/L SO2,32.0 mg/L SO2,0.99689 g/cm³,pH 3.58,0.66 g/L,9.8% vol,Score: 5
850,9.3 g/L,0.43 g/L,0.44 g/L,1.9 g/L,0.085 g/L,9.0 mg/L SO2,22.0 mg/L SO2,0.99708 g/cm³,pH 3.28,0.55 g/L,9.5% vol,Score: 5
851,9.3 g/L,0.43 g/L,0.44 g/L,1.9 g/L,0.085 g/L,9.0 mg/L SO2,22.0 mg/L SO2,0.99708 g/cm³,pH 3.28,0.55 g/L,9.5% vol,Score: 5
852,8.0 g/L,0.42 g/L,0.32 g/L,2.5 g/L,0.08 g/L,26.0 mg/L SO2,122.0 mg/L SO2,0.99801 g/cm³,pH 3.22,1.07 g/L,9.7% vol,Score: 5
853,9.3 g/L,0.36 g/L,0.39 g/L,1.5 g/L,0.08 g/L,41.0 mg/L SO2,55.0 mg/L SO2,0.99652 g/cm³,pH 3.47,0.73 g/L,10.9% vol,Score: 6
854,9.3 g/L,0.36 g/L,0.39 g/L,1.5 g/L,0.08 g/L,41.0 mg/L SO2,55.0 mg/L SO2,0.99652 g/cm³,pH 3.47,0.73 g/L,10.9% vol,Score: 6
855,7.6 g/L,0.735 g/L,0.02 g/L,2.5 g/L,0.071 g/L,10.0 mg/L SO2,14.0 mg/L SO2,0.99538 g/cm³,pH 3.51,0.71 g/L,11.7% vol,Score: 7
856,9.3 g/L,0.36 g/L,0.39 g/L,1.5 g/L,0.08 g/L,41.0 mg/L SO2,55.0 mg/L SO2,0.99652 g/cm³,pH 3.47,0.73 g/L,10.9% vol,Score: 6
857,8.2 g/L,0.26 g/L,0.34 g/L,2.5 g/L,0.073 g/L,16.0 mg/L SO2,47.0 mg/L SO2,0.99594 g/cm³,pH 3.4,0.78 g/L,11.3% vol,Score: 7
858,11.7 g/L,0.28 g/L,0.47 g/L,1.7 g/L,0.054 g/L,17.0 mg/L SO2,32.0 mg/L SO2,0.99686 g/cm³,pH 3.15,0.67 g/L,10.6% vol,Score: 7
859,6.8 g/L,0.56 g/L,0.22 g/L,1.8 g/L,0.074 g/L,15.0 mg/L SO2,24.0 mg/L SO2,0.99438 g/cm³,pH 3.4,0.82 g/L,11.2% vol,Score: 6
860,7.2 g/L,0.62 g/L,0.06 g/L,2.7 g/L,0.077 g/L,15.0 mg/L SO2,85.0 mg/L SO2,0.99746 g/cm³,pH 3.51,0.54 g/L,9.5% vol,Score: 5
861,5.8 g/L,1.01 g/L,0.66 g/L,2.0 g/L,0.039 g/L,15.0 mg/L SO2,88.0 mg/L SO2,0.99357 g/cm³,pH 3.66,0.6 g/L,11.5% vol,Score: 6
862,7.5 g/L,0.42 g/L,0.32 g/L,2.7 g/L,0.067 g/L,7.0 mg/L SO2,25.0 mg/L SO2,0.99628 g/cm³,pH 3.24,0.44 g/L,10.4% vol,Score: 5
863,7.2 g/L,0.62 g/L,0.06 g/L,2.5 g/L,0.078 g/L,17.0 mg/L SO2,84.0 mg/L SO2,0.99746 g/cm³,pH 3.51,0.53 g/L,9.7% vol,Score: 5
864,7.2 g/L,0.62 g/L,0.06 g/L,2.7 g/L,0.077 g/L,15.0 mg/L SO2,85.0 mg/L SO2,0.99746 g/cm³,pH 3.51,0.54 g/L,9.5% vol,Score: 5
865,7.2 g/L,0.635 g/L,0.07 g/L,2.6 g/L,0.077 g/L,16.0 mg/L SO2,86.0 mg/L SO2,0.99748 g/cm³,pH 3.51,0.54 g/L,9.7% vol,Score: 5
866,6.8 g/L,0.49 g/L,0.22 g/L,2.3 g/L,0.071 g/L,13.0 mg/L SO2,24.0 mg/L SO2,0.99438 g/cm³,pH 3.41,0.83 g/L,11.3% vol,Score: 6
867,6.9 g/L,0.51 g/L,0.23 g/L,2.0 g/L,0.072 g/L,13.0 mg/L SO2,22.0 mg/L SO2,0.99438 g/cm³,pH 3.4,0.84 g/L,11.2% vol,Score: 6
868,6.8 g/L,0.56 g/L,0.22 g/L,1.8 g/L,0.074 g/L,15.0 mg/L SO2,24.0 mg/L SO2,0.99438 g/cm³,pH 3.4,0.82 g/L,11.2% vol,Score: 6
869,7.6 g/L,0.63 g/L,0.03 g/L,2.0 g/L,0.08 g/L,27.0 mg/L SO2,43.0 mg/L SO2,0.99578 g/cm³,pH 3.44,0.64 g/L,10.9% vol,Score: 6
870,7.7 g/L,0.715 g/L,0.01 g/L,2.1 g/L,0.064 g/L,31.0 mg/L SO2,43.0 mg/L SO2,0.99371 g/cm³,pH 3.41,0.57 g/L,11.8% vol,Score: 6
871,6.9 g/L,0.56 g/L,0.03 g/L,1.5 g/L,0.086 g/L,36.0 mg/L SO2,46.0 mg/L SO2,0.99522 g/cm³,pH 3.53,0.57 g/L,10.6% vol,Score: 5
872,7.3 g/L,0.35 g/L,0.24 g/L,2.0 g/L,0.067 g/L,28.0 mg/L SO2,48.0 mg/L SO2,0.99576 g/cm³,pH 3.43,0.54 g/L,10.0% vol,Score: 4
873,9.1 g/L,0.21 g/L,0.37 g/L,1.6 g/L,0.067 g/L,6.0 mg/L SO2,10.0 mg/L SO2,0.99552 g/cm³,pH 3.23,0.58 g/L,11.1% vol,Score: 7
874,10.4 g/L,0.38 g/L,0.46 g/L,2.1 g/L,0.104 g/L,6.0 mg/L SO2,10.0 mg/L SO2,0.99664 g/cm³,pH 3.12,0.65 g/L,11.8% vol,Score: 7
875,8.8 g/L,0.31 g/L,0.4 g/L,2.8 g/L,0.109 g/L,7.0 mg/L SO2,16.0 mg/L SO2,0.99614 g/cm³,pH 3.31,0.79 g/L,11.8% vol,Score: 7
876,7.1 g/L,0.47 g/L,0.0 g/L,2.2 g/L,0.067 g/L,7.0 mg/L SO2,14.0 mg/L SO2,0.99517 g/cm³,pH 3.4,0.58 g/L,10.9% vol,Score: 4
877,7.7 g/L,0.715 g/L,0.01 g/L,2.1 g/L,0.064 g/L,31.0 mg/L SO2,43.0 mg/L SO2,0.99371 g/cm³,pH 3.41,0.57 g/L,11.8% vol,Score: 6
878,8.8 g/L,0.61 g/L,0.19 g/L,4.0 g/L,0.094 g/L,30.0 mg/L SO2,69.0 mg/L SO2,0.99787 g/cm³,pH 3.22,0.5 g/L,10.0% vol,Score: 6
879,7.2 g/L,0.6 g/L,0.04 g/L,2.5 g/L,0.076 g/L,18.0 mg/L SO2,88.0 mg/L SO2,0.99745 g/cm³,pH 3.53,0.55 g/L,9.5% vol,Score: 5
880,9.2 g/L,0.56 g/L,0.18 g/L,1.6 g/L,0.078 g/L,10.0 mg/L SO2,21.0 mg/L SO2,0.99576 g/cm³,pH 3.15,0.49 g/L,9.9% vol,Score: 5
881,7.6 g/L,0.715 g/L,0.0 g/L,2.1 g/L,0.068 g/L,30.0 mg/L SO2,35.0 mg/L SO2,0.99533 g/cm³,pH 3.48,0.65 g/L,11.4% vol,Score: 6
882,8.4 g/L,0.31 g/L,0.29 g/L,3.1 g/L,0.194 g/L,14.0 mg/L SO2,26.0 mg/L SO2,0.99536 g/cm³,pH 3.22,0.78 g/L,12.0% vol,Score: 6
883,7.2 g/L,0.6 g/L,0.04 g/L,2.5 g/L,0.076 g/L,18.0 mg/L SO2,88.0 mg/L SO2,0.99745 g/cm³,pH 3.53,0.55 g/L,9.5% vol,Score: 5
884,8.8 g/L,0.61 g/L,0.19 g/L,4.0 g/L,0.094 g/L,30.0 mg/L SO2,69.0 mg/L SO2,0.99787 g/cm³,pH 3.22,0.5 g/L,10.0% vol,Score: 6
885,8.9 g/L,0.75 g/L,0.14 g/L,2.5 g/L,0.086 g/L,9.0 mg/L SO2,30.0 mg/L SO2,0.99824 g/cm³,pH 3.34,0.64 g/L,10.5% vol,Score: 5
886,9.0 g/L,0.8 g/L,0.12 g/L,2.4 g/L,0.083 g/L,8.0 mg/L SO2,28.0 mg/L SO2,0.99836 g/cm³,pH 3.33,0.65 g/L,10.4% vol,Score: 6
887,10.7 g/L,0.52 g/L,0.38 g/L,2.6 g/L,0.066 g/L,29.0 mg/L SO2,56.0 mg/L SO2,0.99577 g/cm³,pH 3.15,0.79 g/L,12.1% vol,Score: 7
888,6.8 g/L,0.57 g/L,0.0 g/L,2.5 g/L,0.072 g/L,32.0 mg/L SO2,64.0 mg/L SO2,0.99491 g/cm³,pH 3.43,0.56 g/L,11.2% vol,Score: 6
889,10.7 g/L,0.9 g/L,0.34 g/L,6.6 g/L,0.112 g/L,23.0 mg/L SO2,99.0 mg/L SO2,1.00289 g/cm³,pH 3.22,0.68 g/L,9.3% vol,Score: 5
890,7.2 g/L,0.34 g/L,0.24 g/L,2.0 g/L,0.071 g/L,30.0 mg/L SO2,52.0 mg/L SO2,0.99576 g/cm³,pH 3.44,0.58 g/L,10.1% vol,Score: 5
891,7.2 g/L,0.66 g/L,0.03 g/L,2.3 g/L,0.078 g/L,16.0 mg/L SO2,86.0 mg/L SO2,0.99743 g/cm³,pH 3.53,0.57 g/L,9.7% vol,Score: 5
892,10.1 g/L,0.45 g/L,0.23 g/L,1.9 g/L,0.082 g/L,10.0 mg/L SO2,18.0 mg/L SO2,0.99774 g/cm³,pH 3.22,0.65 g/L,9.3% vol,Score: 6
893,7.2 g/L,0.66 g/L,0.03 g/L,2.3 g/L,0.078 g/L,16.0 mg/L SO2,86.0 mg/L SO2,0.99743 g/cm³,pH 3.53,0.57 g/L,9.7% vol,Score: 5
894,7.2 g/L,0.63 g/L,0.03 g/L,2.2 g/L,0.08 g/L,17.0 mg/L SO2,88.0 mg/L SO2,0.99745 g/cm³,pH 3.53,0.58 g/L,9.8% vol,Score: 6
895,7.1 g/L,0.59 g/L,0.01 g/L,2.3 g/L,0.08 g/L,27.0 mg/L SO2,43.0 mg/L SO2,0.9955 g/cm³,pH 3.42,0.58 g/L,10.7% vol,Score: 6
896,8.3 g/L,0.31 g/L,0.39 g/L,2.4 g/L,0.078 g/L,17.0 mg/L SO2,43.0 mg/L SO2,0.99444 g/cm³,pH 3.31,0.77 g/L,12.5% vol,Score: 7
897,7.1 g/L,0.59 g/L,0.01 g/L,2.3 g/L,0.08 g/L,27.0 mg/L SO2,43.0 mg/L SO2,0.9955 g/cm³,pH 3.42,0.58 g/L,10.7% vol,Score: 6
898,8.3 g/L,0.31 g/L,0.39 g/L,2.4 g/L,0.078 g/L,17.0 mg/L SO2,43.0 mg/L SO2,0.99444 g/cm³,pH 3.31,0.77 g/L,12.5% vol,Score: 7
899,8.3 g/L,1.02 g/L,0.02 g/L,3.4 g/L,0.084 g/L,6.0 mg/L SO2,11.0 mg/L SO2,0.99892 g/cm³,pH 3.48,0.49 g/L,11.0% vol,Score: 3
900,8.9 g/L,0.31 g/L,0.36 g/L,2.6 g/L,0.056 g/L,10.0 mg/L SO2,39.0 mg/L SO2,0.99562 g/cm³,pH 3.4,0.69 g/L,11.8% vol,Score: 5
901,7.4 g/L,0.635 g/L,0.1 g/L,2.4 g/L,0.08 g/L,16.0 mg/L SO2,33.0 mg/L SO2,0.99736 g/cm³,pH 3.58,0.69 g/L,10.8% vol,Score: 7
902,7.4 g/L,0.635 g/L,0.1 g/L,2.4 g/L,0.08 g/L,16.0 mg/L SO2,33.0 mg/L SO2,0.99736 g/cm³,pH 3.58,0.69 g/L,10.8% vol,Score: 7
903,6.8 g/L,0.59 g/L,0.06 g/L,6.0 g/L,0.06 g/L,11.0 mg/L SO2,18.0 mg/L SO2,0.9962 g/cm³,pH 3.41,0.59 g/L,10.8% vol,Score: 7
904,6.8 g/L,0.59 g/L,0.06 g/L,6.0 g/L,0.06 g/L,11.0 mg/L SO2,18.0 mg/L SO2,0.9962 g/cm³,pH 3.41,0.59 g/L,10.8% vol,Score: 7
905,9.2 g/L,0.58 g/L,0.2 g/L,3.0 g/L,0.081 g/L,15.0 mg/L SO2,115.0 mg/L SO2,0.998 g/cm³,pH 3.23,0.59 g/L,9.5% vol,Score: 5
906,7.2 g/L,0.54 g/L,0.27 g/L,2.6 g/L,0.084 g/L,12.0 mg/L SO2,78.0 mg/L SO2,0.9964 g/cm³,pH 3.39,0.71 g/L,11.0% vol,Score: 5
907,6.1 g/L,0.56 g/L,0.0 g/L,2.2 g/L,0.079 g/L,6.0 mg/L SO2,9.0 mg/L SO2,0.9948 g/cm³,pH 3.59,0.54 g/L,11.5% vol,Score: 6
908,7.4 g/L,0.52 g/L,0.13 g/L,2.4 g/L,0.078 g/L,34.0 mg/L SO2,61.0 mg/L SO2,0.99528 g/cm³,pH 3.43,0.59 g/L,10.8% vol,Score: 6
909,7.3 g/L,0.305 g/L,0.39 g/L,1.2 g/L,0.059 g/L,7.0 mg/L SO2,11.0 mg/L SO2,0.99331 g/cm³,pH 3.29,0.52 g/L,11.5% vol,Score: 6
910,9.3 g/L,0.38 g/L,0.48 g/L,3.8 g/L,0.132 g/L,3.0 mg/L SO2,11.0 mg/L SO2,0.99577 g/cm³,pH 3.23,0.57 g/L,13.2% vol,Score: 6
911,9.1 g/L,0.28 g/L,0.46 g/L,9.0 g/L,0.114 g/L,3.0 mg/L SO2,9.0 mg/L SO2,0.99901 g/cm³,pH 3.18,0.6 g/L,10.9% vol,Score: 6
912,10.0 g/L,0.46 g/L,0.44 g/L,2.9 g/L,0.065 g/L,4.0 mg/L SO2,8.0 mg/L SO2,0.99674 g/cm³,pH 3.33,0.62 g/L,12.2% vol,Score: 6
913,9.4 g/L,0.395 g/L,0.46 g/L,4.6 g/L,0.094 g/L,3.0 mg/L SO2,10.0 mg/L SO2,0.99639 g/cm³,pH 3.27,0.64 g/L,12.2% vol,Score: 7
914,7.3 g/L,0.305 g/L,0.39 g/L,1.2 g/L,0.059 g/L,7.0 mg/L SO2,11.0 mg/L SO2,0.99331 g/cm³,pH 3.29,0.52 g/L,11.5% vol,Score: 6
915,8.6 g/L,0.315 g/L,0.4 g/L,2.2 g/L,0.079 g/L,3.0 mg/L SO2,6.0 mg/L SO2,0.99512 g/cm³,pH 3.27,0.67 g/L,11.9% vol,Score: 6
916,5.3 g/L,0.715 g/L,0.19 g/L,1.5 g/L,0.161 g/L,7.0 mg/L SO2,62.0 mg/L SO2,0.99395 g/cm³,pH 3.62,0.61 g/L,11.0% vol,Score: 5
917,6.8 g/L,0.41 g/L,0.31 g/L,8.8 g/L,0.084 g/L,26.0 mg/L SO2,45.0 mg/L SO2,0.99824 g/cm³,pH 3.38,0.64 g/L,10.1% vol,Score: 6
918,8.4 g/L,0.36 g/L,0.32 g/L,2.2 g/L,0.081 g/L,32.0 mg/L SO2,79.0 mg/L SO2,0.9964 g/cm³,pH 3.3,0.72 g/L,11.0% vol,Score: 6
919,8.4 g/L,0.62 g/L,0.12 g/L,1.8 g/L,0.072 g/L,38.0 mg/L SO2,46.0 mg/L SO2,0.99504 g/cm³,pH 3.38,0.89 g/L,11.8% vol,Score: 6
920,9.6 g/L,0.41 g/L,0.37 g/L,2.3 g/L,0.091 g/L,10.0 mg/L SO2,23.0 mg/L SO2,0.99786 g/cm³,pH 3.24,0.56 g/L,10.5% vol,Score: 5
921,8.4 g/L,0.36 g/L,0.32 g/L,2.2 g/L,0.081 g/L,32.0 mg/L SO2,79.0 mg/L SO2,0.9964 g/cm³,pH 3.3,0.72 g/L,11.0% vol,Score: 6
922,8.4 g/L,0.62 g/L,0.12 g/L,1.8 g/L,0.072 g/L,38.0 mg/L SO2,46.0 mg/L SO2,0.99504 g/cm³,pH 3.38,0.89 g/L,11.8% vol,Score: 6
923,6.8 g/L,0.41 g/L,0.31 g/L,8.8 g/L,0.084 g/L,26.0 mg/L SO2,45.0 mg/L SO2,0.99824 g/cm³,pH 3.38,0.64 g/L,10.1% vol,Score: 6
924,8.6 g/L,0.47 g/L,0.27 g/L,2.3 g/L,0.055 g/L,14.0 mg/L SO2,28.0 mg/L SO2,0.99516 g/cm³,pH 3.18,0.8 g/L,11.2% vol,Score: 5
925,8.6 g/L,0.22 g/L,0.36 g/L,1.9 g/L,0.064 g/L,53.0 mg/L SO2,77.0 mg/L SO2,0.99604 g/cm³,pH 3.47,0.87 g/L,11.0% vol,Score: 7
926,9.4 g/L,0.24 g/L,0.33 g/L,2.3 g/L,0.061 g/L,52.0 mg/L SO2,73.0 mg/L SO2,0.99786 g/cm³,pH 3.47,0.9 g/L,10.2% vol,Score: 6
927,8.4 g/L,0.67 g/L,0.19 g/L,2.2 g/L,0.093 g/L,11.0 mg/L SO2,75.0 mg/L SO2,0.99736 g/cm³,pH 3.2,0.59 g/L,9.2% vol,Score: 4
928,8.6 g/L,0.47 g/L,0.27 g/L,2.3 g/L,0.055 g/L,14.0 mg/L SO2,28.0 mg/L SO2,0.99516 g/cm³,pH 3.18,0.8 g/L,11.2% vol,Score: 5
929,8.7 g/L,0.33 g/L,0.38 g/L,3.3 g/L,0.063 g/L,10.0 mg/L SO2,19.0 mg/L SO2,0.99468 g/cm³,pH 3.3,0.73 g/L,12.0% vol,Score: 7
930,6.6 g/L,0.61 g/L,0.01 g/L,1.9 g/L,0.08 g/L,8.0 mg/L SO2,25.0 mg/L SO2,0.99746 g/cm³,pH 3.69,0.73 g/L,10.5% vol,Score: 5
931,7.4 g/L,0.61 g/L,0.01 g/L,2.0 g/L,0.074 g/L,13.0 mg/L SO2,38.0 mg/L SO2,0.99748 g/cm³,pH 3.48,0.65 g/L,9.8% vol,Score: 5
932,7.6 g/L,0.4 g/L,0.29 g/L,1.9 g/L,0.078 g/L,29.0 mg/L SO2,66.0 mg/L SO2,0.9971 g/cm³,pH 3.45,0.59 g/L,9.5% vol,Score: 6
933,7.4 g/L,0.61 g/L,0.01 g/L,2.0 g/L,0.074 g/L,13.0 mg/L SO2,38.0 mg/L SO2,0.99748 g/cm³,pH 3.48,0.65 g/L,9.8% vol,Score: 5
934,6.6 g/L,0.61 g/L,0.01 g/L,1.9 g/L,0.08 g/L,8.0 mg/L SO2,25.0 mg/L SO2,0.99746 g/cm³,pH 3.69,0.73 g/L,10.5% vol,Score: 5
935,8.8 g/L,0.3 g/L,0.38 g/L,2.3 g/L,0.06 g/L,19.0 mg/L SO2,72.0 mg/L SO2,0.99543 g/cm³,pH 3.39,0.72 g/L,11.8% vol,Score: 6
936,8.8 g/L,0.3 g/L,0.38 g/L,2.3 g/L,0.06 g/L,19.0 mg/L SO2,72.0 mg/L SO2,0.99543 g/cm³,pH 3.39,0.72 g/L,11.8% vol,Score: 6
937,12.0 g/L,0.63 g/L,0.5 g/L,1.4 g/L,0.071 g/L,6.0 mg/L SO2,26.0 mg/L SO2,0.99791 g/cm³,pH 3.07,0.6 g/L,10.4% vol,Score: 4
938,7.2 g/L,0.38 g/L,0.38 g/L,2.8 g/L,0.068 g/L,23.0 mg/L SO2,42.0 mg/L SO2,0.99356 g/cm³,pH 3.34,0.72 g/L,12.9% vol,Score: 7
939,6.2 g/L,0.46 g/L,0.17 g/L,1.6 g/L,0.073 g/L,7.0 mg/L SO2,11.0 mg/L SO2,0.99425 g/cm³,pH 3.61,0.54 g/L,11.4% vol,Score: 5
940,9.6 g/L,0.33 g/L,0.52 g/L,2.2 g/L,0.074 g/L,13.0 mg/L SO2,25.0 mg/L SO2,0.99509 g/cm³,pH 3.36,0.76 g/L,12.4% vol,Score: 7
941,9.9 g/L,0.27 g/L,0.49 g/L,5.0 g/L,0.082 g/L,9.0 mg/L SO2,17.0 mg/L SO2,0.99484 g/cm³,pH 3.19,0.52 g/L,12.5% vol,Score: 7
942,10.1 g/L,0.43 g/L,0.4 g/L,2.6 g/L,0.092 g/L,13.0 mg/L SO2,52.0 mg/L SO2,0.99834 g/cm³,pH 3.22,0.64 g/L,10.0% vol,Score: 7
943,9.8 g/L,0.5 g/L,0.34 g/L,2.3 g/L,0.094 g/L,10.0 mg/L SO2,45.0 mg/L SO2,0.99864 g/cm³,pH 3.24,0.6 g/L,9.7% vol,Score: 7
944,8.3 g/L,0.3 g/L,0.49 g/L,3.8 g/L,0.09 g/L,11.0 mg/L SO2,24.0 mg/L SO2,0.99498 g/cm³,pH 3.27,0.64 g/L,12.1% vol,Score: 7
945,10.2 g/L,0.44 g/L,0.42 g/L,2.0 g/L,0.071 g/L,7.0 mg/L SO2,20.0 mg/L SO2,0.99566 g/cm³,pH 3.14,0.79 g/L,11.1% vol,Score: 7
946,10.2 g/L,0.44 g/L,0.58 g/L,4.1 g/L,0.092 g/L,11.0 mg/L SO2,24.0 mg/L SO2,0.99745 g/cm³,pH 3.29,0.99 g/L,12.0% vol,Score: 7
947,8.3 g/L,0.28 g/L,0.48 g/L,2.1 g/L,0.093 g/L,6.0 mg/L SO2,12.0 mg/L SO2,0.99408 g/cm³,pH 3.26,0.62 g/L,12.4% vol,Score: 7
948,8.9 g/L,0.12 g/L,0.45 g/L,1.8 g/L,0.075 g/L,10.0 mg/L SO2,21.0 mg/L SO2,0.99552 g/cm³,pH 3.41,0.76 g/L,11.9% vol,Score: 7
949,8.9 g/L,0.12 g/L,0.45 g/L,1.8 g/L,0.075 g/L,10.0 mg/L SO2,21.0 mg/L SO2,0.99552 g/cm³,pH 3.41,0.76 g/L,11.9% vol,Score: 7
950,8.9 g/L,0.12 g/L,0.45 g/L,1.8 g/L,0.075 g/L,10.0 mg/L SO2,21.0 mg/L SO2,0.99552 g/cm³,pH 3.41,0.76 g/L,11.9% vol,Score: 7
951,8.3 g/L,0.28 g/L,0.48 g/L,2.1 g/L,0.093 g/L,6.0 mg/L SO2,12.0 mg/L SO2,0.99408 g/cm³,pH 3.26,0.62 g/L,12.4% vol,Score: 7
952,8.2 g/L,0.31 g/L,0.4 g/L,2.2 g/L,0.058 g/L,6.0 mg/L SO2,10.0 mg/L SO2,0.99536 g/cm³,pH 3.31,0.68 g/L,11.2% vol,Score: 7
953,10.2 g/L,0.34 g/L,0.48 g/L,2.1 g/L,0.052 g/L,5.0 mg/L SO2,9.0 mg/L SO2,0.99458 g/cm³,pH 3.2,0.69 g/L,12.1% vol,Score: 7
954,7.6 g/L,0.43 g/L,0.4 g/L,2.7 g/L,0.082 g/L,6.0 mg/L SO2,11.0 mg/L SO2,0.99538 g/cm³,pH 3.44,0.54 g/L,12.2% vol,Score: 6
955,8.5 g/L,0.21 g/L,0.52 g/L,1.9 g/L,0.09 g/L,9.0 mg/L SO2,23.0 mg/L SO2,0.99648 g/cm³,pH 3.36,0.67 g/L,10.4% vol,Score: 5
956,9.0 g/L,0.36 g/L,0.52 g/L,2.1 g/L,0.111 g/L,5.0 mg/L SO2,10.0 mg/L SO2,0.99568 g/cm³,pH 3.31,0.62 g/L,11.3% vol,Score: 6
957,9.5 g/L,0.37 g/L,0.52 g/L,2.0 g/L,0.088 g/L,12.0 mg/L SO2,51.0 mg/L SO2,0.99613 g/cm³,pH 3.29,0.58 g/L,11.1% vol,Score: 6
958,6.4 g/L,0.57 g/L,0.12 g/L,2.3 g/L,0.12 g/L,25.0 mg/L SO2,36.0 mg/L SO2,0.99519 g/cm³,pH 3.47,0.71 g/L,11.3% vol,Score: 7
959,8.0 g/L,0.59 g/L,0.05 g/L,2.0 g/L,0.089 g/L,12.0 mg/L SO2,32.0 mg/L SO2,0.99735 g/cm³,pH 3.36,0.61 g/L,10.0% vol,Score: 5
960,8.5 g/L,0.47 g/L,0.27 g/L,1.9 g/L,0.058 g/L,18.0 mg/L SO2,38.0 mg/L SO2,0.99518 g/cm³,pH 3.16,0.85 g/L,11.1% vol,Score: 6
961,7.1 g/L,0.56 g/L,0.14 g/L,1.6 g/L,0.078 g/L,7.0 mg/L SO2,18.0 mg/L SO2,0.99592 g/cm³,pH 3.27,0.62 g/L,9.3% vol,Score: 5
962,6.6 g/L,0.57 g/L,0.02 g/L,2.1 g/L,0.115 g/L,6.0 mg/L SO2,16.0 mg/L SO2,0.99654 g/cm³,pH 3.38,0.69 g/L,9.5% vol,Score: 5
963,8.8 g/L,0.27 g/L,0.39 g/L,2.0 g/L,0.1 g/L,20.0 mg/L SO2,27.0 mg/L SO2,0.99546 g/cm³,pH 3.15,0.69 g/L,11.2% vol,Score: 6
964,8.5 g/L,0.47 g/L,0.27 g/L,1.9 g/L,0.058 g/L,18.0 mg/L SO2,38.0 mg/L SO2,0.99518 g/cm³,pH 3.16,0.85 g/L,11.1% vol,Score: 6
965,8.3 g/L,0.34 g/L,0.4 g/L,2.4 g/L,0.065 g/L,24.0 mg/L SO2,48.0 mg/L SO2,0.99554 g/cm³,pH 3.34,0.86 g/L,11.0% vol,Score: 6
966,9.0 g/L,0.38 g/L,0.41 g/L,2.4 g/L,0.103 g/L,6.0 mg/L SO2,10.0 mg/L SO2,0.99604 g/cm³,pH 3.13,0.58 g/L,11.9% vol,Score: 7
967,8.5 g/L,0.66 g/L,0.2 g/L,2.1 g/L,0.097 g/L,23.0 mg/L SO2,113.0 mg/L SO2,0.99733 g/cm³,pH 3.13,0.48 g/L,9.2% vol,Score: 5
968,9.0 g/L,0.4 g/L,0.43 g/L,2.4 g/L,0.068 g/L,29.0 mg/L SO2,46.0 mg/L SO2,0.9943 g/cm³,pH 3.2,0.6 g/L,12.2% vol,Score: 6
969,6.7 g/L,0.56 g/L,0.09 g/L,2.9 g/L,0.079 g/L,7.0 mg/L SO2,22.0 mg/L SO2,0.99669 g/cm³,pH 3.46,0.61 g/L,10.2% vol,Score: 5
970,10.4 g/L,0.26 g/L,0.48 g/L,1.9 g/L,0.066 g/L,6.0 mg/L SO2,10.0 mg/L SO2,0.99724 g/cm³,pH 3.33,0.87 g/L,10.9% vol,Score: 6
971,10.4 g/L,0.26 g/L,0.48 g/L,1.9 g/L,0.066 g/L,6.0 mg/L SO2,10.0 mg/L SO2,0.99724 g/cm³,pH 3.33,0.87 g/L,10.9% vol,Score: 6
972,10.1 g/L,0.38 g/L,0.5 g/L,2.4 g/L,0.104 g/L,6.0 mg/L SO2,13.0 mg/L SO2,0.99643 g/cm³,pH 3.22,0.65 g/L,11.6% vol,Score: 7
973,8.5 g/L,0.34 g/L,0.44 g/L,1.7 g/L,0.079 g/L,6.0 mg/L SO2,12.0 mg/L SO2,0.99605 g/cm³,pH 3.52,0.63 g/L,10.7% vol,Score: 5
974,8.8 g/L,0.33 g/L,0.41 g/L,5.9 g/L,0.073 g/L,7.0 mg/L SO2,13.0 mg/L SO2,0.99658 g/cm³,pH 3.3,0.62 g/L,12.1% vol,Score: 7
975,7.2 g/L,0.41 g/L,0.3 g/L,2.1 g/L,0.083 g/L,35.0 mg/L SO2,72.0 mg/L SO2,0.997 g/cm³,pH 3.44,0.52 g/L,9.4% vol,Score: 5
976,7.2 g/L,0.41 g/L,0.3 g/L,2.1 g/L,0.083 g/L,35.0 mg/L SO2,72.0 mg/L SO2,0.997 g/cm³,pH 3.44,0.52 g/L,9.4% vol,Score: 5
977,8.4 g/L,0.59 g/L,0.29 g/L,2.6 g/L,0.109 g/L,31.0 mg/L SO2,119.0 mg/L SO2,0.99801 g/cm³,pH 3.15,0.5 g/L,9.1% vol,Score: 5
978,7.0 g/L,0.4 g/L,0.32 g/L,3.6 g/L,0.061 g/L,9.0 mg/L SO2,29.0 mg/L SO2,0.99416 g/cm³,pH 3.28,0.49 g/L,11.3% vol,Score: 7
979,12.2 g/L,0.45 g/L,0.49 g/L,1.4 g/L,0.075 g/L,3.0 mg/L SO2,6.0 mg/L SO2,0.9969 g/cm³,pH 3.13,0.63 g/L,10.4% vol,Score: 5
980,9.1 g/L,0.5 g/L,0.3 g/L,1.9 g/L,0.065 g/L,8.0 mg/L SO2,17.0 mg/L SO2,0.99774 g/cm³,pH 3.32,0.71 g/L,10.5% vol,Score: 6
981,9.5 g/L,0.86 g/L,0.26 g/L,1.9 g/L,0.079 g/L,13.0 mg/L SO2,28.0 mg/L SO2,0.99712 g/cm³,pH 3.25,0.62 g/L,10.0% vol,Score: 5
982,7.3 g/L,0.52 g/L,0.32 g/L,2.1 g/L,0.07 g/L,51.0 mg/L SO2,70.0 mg/L SO2,0.99418 g/cm³,pH 3.34,0.82 g/L,12.9% vol,Score: 6
983,9.1 g/L,0.5 g/L,0.3 g/L,1.9 g/L,0.065 g/L,8.0 mg/L SO2,17.0 mg/L SO2,0.99774 g/cm³,pH 3.32,0.71 g/L,10.5% vol,Score: 6
984,12.2 g/L,0.45 g/L,0.49 g/L,1.4 g/L,0.075 g/L,3.0 mg/L SO2,6.0 mg/L SO2,0.9969 g/cm³,pH 3.13,0.63 g/L,10.4% vol,Score: 5
985,7.4 g/L,0.58 g/L,0.0 g/L,2.0 g/L,0.064 g/L,7.0 mg/L SO2,11.0 mg/L SO2,0.99562 g/cm³,pH 3.45,0.58 g/L,11.3% vol,Score: 6
986,9.8 g/L,0.34 g/L,0.39 g/L,1.4 g/L,0.066 g/L,3.0 mg/L SO2,7.0 mg/L SO2,0.9947 g/cm³,pH 3.19,0.55 g/L,11.4% vol,Score: 7
987,7.1 g/L,0.36 g/L,0.3 g/L,1.6 g/L,0.08 g/L,35.0 mg/L SO2,70.0 mg/L SO2,0.99693 g/cm³,pH 3.44,0.5 g/L,9.4% vol,Score: 5
988,7.7 g/L,0.39 g/L,0.12 g/L,1.7 g/L,0.097 g/L,19.0 mg/L SO2,27.0 mg/L SO2,0.99596 g/cm³,pH 3.16,0.49 g/L,9.4% vol,Score: 5
989,9.7 g/L,0.295 g/L,0.4 g/L,1.5 g/L,0.073 g/L,14.0 mg/L SO2,21.0 mg/L SO2,0.99556 g/cm³,pH 3.14,0.51 g/L,10.9% vol,Score: 6
990,7.7 g/L,0.39 g/L,0.12 g/L,1.7 g/L,0.097 g/L,19.0 mg/L SO2,27.0 mg/L SO2,0.99596 g/cm³,pH 3.16,0.49 g/L,9.4% vol,Score: 5
991,7.1 g/L,0.34 g/L,0.28 g/L,2.0 g/L,0.082 g/L,31.0 mg/L SO2,68.0 mg/L SO2,0.99694 g/cm³,pH 3.45,0.48 g/L,9.4% vol,Score: 5
992,6.5 g/L,0.4 g/L,0.1 g/L,2.0 g/L,0.076 g/L,30.0 mg/L SO2,47.0 mg/L SO2,0.99554 g/cm³,pH 3.36,0.48 g/L,9.4% vol,Score: 6
993,7.1 g/L,0.34 g/L,0.28 g/L,2.0 g/L,0.082 g/L,31.0 mg/L SO2,68.0 mg/L SO2,0.99694 g/cm³,pH 3.45,0.48 g/L,9.4% vol,Score: 5
994,10.0 g/L,0.35 g/L,0.45 g/L,2.5 g/L,0.092 g/L,20.0 mg/L SO2,88.0 mg/L SO2,0.99918 g/cm³,pH 3.15,0.43 g/L,9.4% vol,Score: 5
995,7.7 g/L,0.6 g/L,0.06 g/L,2.0 g/L,0.079 g/L,19.0 mg/L SO2,41.0 mg/L SO2,0.99697 g/cm³,pH 3.39,0.62 g/L,10.1% vol,Score: 6
996,5.6 g/L,0.66 g/L,0.0 g/L,2.2 g/L,0.087 g/L,3.0 mg/L SO2,11.0 mg/L SO2,0.99378 g/cm³,pH 3.71,0.63 g/L,12.8% vol,Score: 7
997,5.6 g/L,0.66 g/L,0.0 g/L,2.2 g/L,0.087 g/L,3.0 mg/L SO2,11.0 mg/L SO2,0.99378 g/cm³,pH 3.71,0.63 g/L,12.8% vol,Score: 7
998,8.9 g/L,0.84 g/L,0.34 g/L,1.4 g/L,0.05 g/L,4.0 mg/L SO2,10.0 mg/L SO2,0.99554 g/cm³,pH 3.12,0.48 g/L,9.1% vol,Score: 6
999,6.4 g/L,0.69 g/L,0.0 g/L,1.65 g/L,0.055 g/L,7.0 mg/L SO2,12.0 mg/L SO2,0.99162 g/cm³,pH 3.47,0.53 g/L,12.9% vol,Score: 6
1000,7.5 g/L,0.43 g/L,0.3 g/L,2.2 g/L,0.062 g/L,6.0 mg/L SO2,12.0 mg/L SO2,0.99495 g/cm³,pH 3.44,0.72 g/L,11.5% vol,Score: 7
1001,9.9 g/L,0.35 g/L,0.38 g/L,1.5 g/L,0.058 g/L,31.0 mg/L SO2,47.0 mg/L SO2,0.99676 g/cm³,pH 3.26,0.82 g/L,10.6% vol,Score: 7
1002,9.1 g/L,0.29 g/L,0.33 g/L,2.05 g/L,0.063 g/L,13.0 mg/L SO2,27.0 mg/L SO2,0.99516 g/cm³,pH 3.26,0.84 g/L,11.7% vol,Score: 7
1003,6.8 g/L,0.36 g/L,0.32 g/L,1.8 g/L,0.067 g/L,4.0 mg/L SO2,8.0 mg/L SO2,0.9928 g/cm³,pH 3.36,0.55 g/L,12.8% vol,Score: 7
1004,8.2 g/L,0.43 g/L,0.29 g/L,1.6 g/L,0.081 g/L,27.0 mg/L SO2,45.0 mg/L SO2,0.99603 g/cm³,pH 3.25,0.54 g/L,10.3% vol,Score: 5
1005,6.8 g/L,0.36 g/L,0.32 g/L,1.8 g/L,0.067 g/L,4.0 mg/L SO2,8.0 mg/L SO2,0.9928 g/cm³,pH 3.36,0.55 g/L,12.8% vol,Score: 7
1006,9.1 g/L,0.29 g/L,0.33 g/L,2.05 g/L,0.063 g/L,13.0 mg/L SO2,27.0 mg/L SO2,0.99516 g/cm³,pH 3.26,0.84 g/L,11.7% vol,Score: 7
1007,9.1 g/L,0.3 g/L,0.34 g/L,2.0 g/L,0.064 g/L,12.0 mg/L SO2,25.0 mg/L SO2,0.99516 g/cm³,pH 3.26,0.84 g/L,11.7% vol,Score: 7
1008,8.9 g/L,0.35 g/L,0.4 g/L,3.6 g/L,0.11 g/L,12.0 mg/L SO2,24.0 mg/L SO2,0.99549 g/cm³,pH 3.23,0.7 g/L,12.0% vol,Score: 7
1009,9.6 g/L,0.5 g/L,0.36 g/L,2.8 g/L,0.116 g/L,26.0 mg/L SO2,55.0 mg/L SO2,0.99722 g/cm³,pH 3.18,0.68 g/L,10.9% vol,Score: 5
1010,8.9 g/L,0.28 g/L,0.45 g/L,1.7 g/L,0.067 g/L,7.0 mg/L SO2,12.0 mg/L SO2,0.99354 g/cm³,pH 3.25,0.55 g/L,12.3% vol,Score: 7
1011,8.9 g/L,0.32 g/L,0.31 g/L,2.0 g/L,0.088 g/L,12.0 mg/L SO2,19.0 mg/L SO2,0.9957 g/cm³,pH 3.17,0.55 g/L,10.4% vol,Score: 6
1012,7.7 g/L,1.005 g/L,0.15 g/L,2.1 g/L,0.102 g/L,11.0 mg/L SO2,32.0 mg/L SO2,0.99604 g/cm³,pH 3.23,0.48 g/L,10.0% vol,Score: 5
1013,7.5 g/L,0.71 g/L,0.0 g/L,1.6 g/L,0.092 g/L,22.0 mg/L SO2,31.0 mg/L SO2,0.99635 g/cm³,pH 3.38,0.58 g/L,10.0% vol,Score: 6
1014,8.0 g/L,0.58 g/L,0.16 g/L,2.0 g/L,0.12 g/L,3.0 mg/L SO2,7.0 mg/L SO2,0.99454 g/cm³,pH 3.22,0.58 g/L,11.2% vol,Score: 6
1015,10.5 g/L,0.39 g/L,0.46 g/L,2.2 g/L,0.075 g/L,14.0 mg/L SO2,27.0 mg/L SO2,0.99598 g/cm³,pH 3.06,0.84 g/L,11.4% vol,Score: 6
1016,8.9 g/L,0.38 g/L,0.4 g/L,2.2 g/L,0.068 g/L,12.0 mg/L SO2,28.0 mg/L SO2,0.99486 g/cm³,pH 3.27,0.75 g/L,12.6% vol,Score: 7
1017,8.0 g/L,0.18 g/L,0.37 g/L,0.9 g/L,0.049 g/L,36.0 mg/L SO2,109.0 mg/L SO2,0.99007 g/cm³,pH 2.89,0.44 g/L,12.7% vol,Score: 6
1018,8.0 g/L,0.18 g/L,0.37 g/L,0.9 g/L,0.049 g/L,36.0 mg/L SO2,109.0 mg/L SO2,0.99007 g/cm³,pH 2.89,0.44 g/L,12.7% vol,Score: 6
1019,7.0 g/L,0.5 g/L,0.14 g/L,1.8 g/L,0.078 g/L,10.0 mg/L SO2,23.0 mg/L SO2,0.99636 g/cm³,pH 3.53,0.61 g/L,10.4% vol,Score: 5
1020,11.3 g/L,0.36 g/L,0.66 g/L,2.4 g/L,0.123 g/L,3.0 mg/L SO2,8.0 mg/L SO2,0.99642 g/cm³,pH 3.2,0.53 g/L,11.9% vol,Score: 6
1021,11.3 g/L,0.36 g/L,0.66 g/L,2.4 g/L,0.123 g/L,3.0 mg/L SO2,8.0 mg/L SO2,0.99642 g/cm³,pH 3.2,0.53 g/L,11.9% vol,Score: 6
1022,7.0 g/L,0.51 g/L,0.09 g/L,2.1 g/L,0.062 g/L,4.0 mg/L SO2,9.0 mg/L SO2,0.99584 g/cm³,pH 3.35,0.54 g/L,10.5% vol,Score: 5
1023,8.2 g/L,0.32 g/L,0.42 g/L,2.3 g/L,0.098 g/L,3.0 mg/L SO2,9.0 mg/L SO2,0.99506 g/cm³,pH 3.27,0.55 g/L,12.3% vol,Score: 6
1024,7.7 g/L,0.58 g/L,0.01 g/L,1.8 g/L,0.088 g/L,12.0 mg/L SO2,18.0 mg/L SO2,0.99568 g/cm³,pH 3.32,0.56 g/L,10.5% vol,Score: 7
1025,8.6 g/L,0.83 g/L,0.0 g/L,2.8 g/L,0.095 g/L,17.0 mg/L SO2,43.0 mg/L SO2,0.99822 g/cm³,pH 3.33,0.6 g/L,10.4% vol,Score: 6
1026,7.9 g/L,0.31 g/L,0.32 g/L,1.9 g/L,0.066 g/L,14.0 mg/L SO2,36.0 mg/L SO2,0.99364 g/cm³,pH 3.41,0.56 g/L,12.6% vol,Score: 6
1027,6.4 g/L,0.795 g/L,0.0 g/L,2.2 g/L,0.065 g/L,28.0 mg/L SO2,52.0 mg/L SO2,0.99378 g/cm³,pH 3.49,0.52 g/L,11.6% vol,Score: 5
1028,7.2 g/L,0.34 g/L,0.21 g/L,2.5 g/L,0.075 g/L,41.0 mg/L SO2,68.0 mg/L SO2,0.99586 g/cm³,pH 3.37,0.54 g/L,10.1% vol,Score: 6
1029,7.7 g/L,0.58 g/L,0.01 g/L,1.8 g/L,0.088 g/L,12.0 mg/L SO2,18.0 mg/L SO2,0.99568 g/cm³,pH 3.32,0.56 g/L,10.5% vol,Score: 7
1030,7.1 g/L,0.59 g/L,0.0 g/L,2.1 g/L,0.091 g/L,9.0 mg/L SO2,14.0 mg/L SO2,0.99488 g/cm³,pH 3.42,0.55 g/L,11.5% vol,Score: 7
1031,7.3 g/L,0.55 g/L,0.01 g/L,1.8 g/L,0.093 g/L,9.0 mg/L SO2,15.0 mg/L SO2,0.99514 g/cm³,pH 3.35,0.58 g/L,11.0% vol,Score: 7
1032,8.1 g/L,0.82 g/L,0.0 g/L,4.1 g/L,0.095 g/L,5.0 mg/L SO2,14.0 mg/L SO2,0.99854 g/cm³,pH 3.36,0.53 g/L,9.6% vol,Score: 5
1033,7.5 g/L,0.57 g/L,0.08 g/L,2.6 g/L,0.089 g/L,14.0 mg/L SO2,27.0 mg/L SO2,0.99592 g/cm³,pH 3.3,0.59 g/L,10.4% vol,Score: 6
1034,8.9 g/L,0.745 g/L,0.18 g/L,2.5 g/L,0.077 g/L,15.0 mg/L SO2,48.0 mg/L SO2,0.99739 g/cm³,pH 3.2,0.47 g/L,9.7% vol,Score: 6
1035,10.1 g/L,0.37 g/L,0.34 g/L,2.4 g/L,0.085 g/L,5.0 mg/L SO2,17.0 mg/L SO2,0.99683 g/cm³,pH 3.17,0.65 g/L,10.6% vol,Score: 7
1036,7.6 g/L,0.31 g/L,0.34 g/L,2.5 g/L,0.082 g/L,26.0 mg/L SO2,35.0 mg/L SO2,0.99356 g/cm³,pH 3.22,0.59 g/L,12.5% vol,Score: 7
1037,7.3 g/L,0.91 g/L,0.1 g/L,1.8 g/L,0.074 g/L,20.0 mg/L SO2,56.0 mg/L SO2,0.99672 g/cm³,pH 3.35,0.56 g/L,9.2% vol,Score: 5
1038,8.7 g/L,0.41 g/L,0.41 g/L,6.2 g/L,0.078 g/L,25.0 mg/L SO2,42.0 mg/L SO2,0.9953 g/cm³,pH 3.24,0.77 g/L,12.6% vol,Score: 7
1039,8.9 g/L,0.5 g/L,0.21 g/L,2.2 g/L,0.088 g/L,21.0 mg/L SO2,39.0 mg/L SO2,0.99692 g/cm³,pH 3.33,0.83 g/L,11.1% vol,Score: 6
1040,7.4 g/L,0.965 g/L,0.0 g/L,2.2 g/L,0.088 g/L,16.0 mg/L SO2,32.0 mg/L SO2,0.99756 g/cm³,pH 3.58,0.67 g/L,10.2% vol,Score: 5
1041,6.9 g/L,0.49 g/L,0.19 g/L,1.7 g/L,0.079 g/L,13.0 mg/L SO2,26.0 mg/L SO2,0.99547 g/cm³,pH 3.38,0.64 g/L,9.8% vol,Score: 6
1042,8.9 g/L,0.5 g/L,0.21 g/L,2.2 g/L,0.088 g/L,21.0 mg/L SO2,39.0 mg/L SO2,0.99692 g/cm³,pH 3.33,0.83 g/L,11.1% vol,Score: 6
1043,9.5 g/L,0.39 g/L,0.41 g/L,8.9 g/L,0.069 g/L,18.0 mg/L SO2,39.0 mg/L SO2,0.99859 g/cm³,pH 3.29,0.81 g/L,10.9% vol,Score: 7
1044,6.4 g/L,0.39 g/L,0.33 g/L,3.3 g/L,0.046 g/L,12.0 mg/L SO2,53.0 mg/L SO2,0.99294 g/cm³,pH 3.36,0.62 g/L,12.2% vol,Score: 6
1045,6.9 g/L,0.44 g/L,0.0 g/L,1.4 g/L,0.07 g/L,32.0 mg/L SO2,38.0 mg/L SO2,0.99438 g/cm³,pH 3.32,0.58 g/L,11.4% vol,Score: 6
1046,7.6 g/L,0.78 g/L,0.0 g/L,1.7 g/L,0.076 g/L,33.0 mg/L SO2,45.0 mg/L SO2,0.99612 g/cm³,pH 3.31,0.62 g/L,10.7% vol,Score: 6
1047,7.1 g/L,0.43 g/L,0.17 g/L,1.8 g/L,0.082 g/L,27.0 mg/L SO2,51.0 mg/L SO2,0.99634 g/cm³,pH 3.49,0.64 g/L,10.4% vol,Score: 5
1048,9.3 g/L,0.49 g/L,0.36 g/L,1.7 g/L,0.081 g/L,3.0 mg/L SO2,14.0 mg/L SO2,0.99702 g/cm³,pH 3.27,0.78 g/L,10.9% vol,Score: 6
1049,9.3 g/L,0.5 g/L,0.36 g/L,1.8 g/L,0.084 g/L,6.0 mg/L SO2,17.0 mg/L SO2,0.99704 g/cm³,pH 3.27,0.77 g/L,10.8% vol,Score: 6
1050,7.1 g/L,0.43 g/L,0.17 g/L,1.8 g/L,0.082 g/L,27.0 mg/L SO2,51.0 mg/L SO2,0.99634 g/cm³,pH 3.49,0.64 g/L,10.4% vol,Score: 5
1051,8.5 g/L,0.46 g/L,0.59 g/L,1.4 g/L,0.414 g/L,16.0 mg/L SO2,45.0 mg/L SO2,0.99702 g/cm³,pH 3.03,1.34 g/L,9.2% vol,Score: 5
1052,5.6 g/L,0.605 g/L,0.05 g/L,2.4 g/L,0.073 g/L,19.0 mg/L SO2,25.0 mg/L SO2,0.99258 g/cm³,pH 3.56,0.55 g/L,12.9% vol,Score: 5
1053,8.3 g/L,0.33 g/L,0.42 g/L,2.3 g/L,0.07 g/L,9.0 mg/L SO2,20.0 mg/L SO2,0.99426 g/cm³,pH 3.38,0.77 g/L,12.7% vol,Score: 7
1054,8.2 g/L,0.64 g/L,0.27 g/L,2.0 g/L,0.095 g/L,5.0 mg/L SO2,77.0 mg/L SO2,0.99747 g/cm³,pH 3.13,0.62 g/L,9.1% vol,Score: 6
1055,8.2 g/L,0.64 g/L,0.27 g/L,2.0 g/L,0.095 g/L,5.0 mg/L SO2,77.0 mg/L SO2,0.99747 g/cm³,pH 3.13,0.62 g/L,9.1% vol,Score: 6
1056,8.9 g/L,0.48 g/L,0.53 g/L,4.0 g/L,0.101 g/L,3.0 mg/L SO2,10.0 mg/L SO2,0.99586 g/cm³,pH 3.21,0.59 g/L,12.1% vol,Score: 7
1057,7.6 g/L,0.42 g/L,0.25 g/L,3.9 g/L,0.104 g/L,28.0 mg/L SO2,90.0 mg/L SO2,0.99784 g/cm³,pH 3.15,0.57 g/L,9.1% vol,Score: 5
1058,9.9 g/L,0.53 g/L,0.57 g/L,2.4 g/L,0.093 g/L,30.0 mg/L SO2,52.0 mg/L SO2,0.9971 g/cm³,pH 3.19,0.76 g/L,11.6% vol,Score: 7
1059,8.9 g/L,0.48 g/L,0.53 g/L,4.0 g/L,0.101 g/L,3.0 mg/L SO2,10.0 mg/L SO2,0.99586 g/cm³,pH 3.21,0.59 g/L,12.1% vol,Score: 7
1060,11.6 g/L,0.23 g/L,0.57 g/L,1.8 g/L,0.074 g/L,3.0 mg/L SO2,8.0 mg/L SO2,0.9981 g/cm³,pH 3.14,0.7 g/L,9.9% vol,Score: 6
1061,9.1 g/L,0.4 g/L,0.5 g/L,1.8 g/L,0.071 g/L,7.0 mg/L SO2,16.0 mg/L SO2,0.99462 g/cm³,pH 3.21,0.69 g/L,12.5% vol,Score: 8
1062,8.0 g/L,0.38 g/L,0.44 g/L,1.9 g/L,0.098 g/L,6.0 mg/L SO2,15.0 mg/L SO2,0.9956 g/cm³,pH 3.3,0.64 g/L,11.4% vol,Score: 6
1063,10.2 g/L,0.29 g/L,0.65 g/L,2.4 g/L,0.075 g/L,6.0 mg/L SO2,17.0 mg/L SO2,0.99565 g/cm³,pH 3.22,0.63 g/L,11.8% vol,Score: 6
1064,8.2 g/L,0.74 g/L,0.09 g/L,2.0 g/L,0.067 g/L,5.0 mg/L SO2,10.0 mg/L SO2,0.99418 g/cm³,pH 3.28,0.57 g/L,11.8% vol,Score: 6
1065,7.7 g/L,0.61 g/L,0.18 g/L,2.4 g/L,0.083 g/L,6.0 mg/L SO2,20.0 mg/L SO2,0.9963 g/cm³,pH 3.29,0.6 g/L,10.2% vol,Score: 6
1066,6.6 g/L,0.52 g/L,0.08 g/L,2.4 g/L,0.07 g/L,13.0 mg/L SO2,26.0 mg/L SO2,0.99358 g/cm³,pH 3.4,0.72 g/L,12.5% vol,Score: 7
1067,11.1 g/L,0.31 g/L,0.53 g/L,2.2 g/L,0.06 g/L,3.0 mg/L SO2,10.0 mg/L SO2,0.99572 g/cm³,pH 3.02,0.83 g/L,10.9% vol,Score: 7
1068,11.1 g/L,0.31 g/L,0.53 g/L,2.2 g/L,0.06 g/L,3.0 mg/L SO2,10.0 mg/L SO2,0.99572 g/cm³,pH 3.02,0.83 g/L,10.9% vol,Score: 7
1069,8.0 g/L,0.62 g/L,0.35 g/L,2.8 g/L,0.086 g/L,28.0 mg/L SO2,52.0 mg/L SO2,0.997 g/cm³,pH 3.31,0.62 g/L,10.8% vol,Score: 5
1070,9.3 g/L,0.33 g/L,0.45 g/L,1.5 g/L,0.057 g/L,19.0 mg/L SO2,37.0 mg/L SO2,0.99498 g/cm³,pH 3.18,0.89 g/L,11.1% vol,Score: 7
1071,7.5 g/L,0.77 g/L,0.2 g/L,8.1 g/L,0.098 g/L,30.0 mg/L SO2,92.0 mg/L SO2,0.99892 g/cm³,pH 3.2,0.58 g/L,9.2% vol,Score: 5
1072,7.2 g/L,0.35 g/L,0.26 g/L,1.8 g/L,0.083 g/L,33.0 mg/L SO2,75.0 mg/L SO2,0.9968 g/cm³,pH 3.4,0.58 g/L,9.5% vol,Score: 6
1073,8.0 g/L,0.62 g/L,0.33 g/L,2.7 g/L,0.088 g/L,16.0 mg/L SO2,37.0 mg/L SO2,0.9972 g/cm³,pH 3.31,0.58 g/L,10.7% vol,Score: 6
1074,7.5 g/L,0.77 g/L,0.2 g/L,8.1 g/L,0.098 g/L,30.0 mg/L SO2,92.0 mg/L SO2,0.99892 g/cm³,pH 3.2,0.58 g/L,9.2% vol,Score: 5
1075,9.1 g/L,0.25 g/L,0.34 g/L,2.0 g/L,0.071 g/L,45.0 mg/L SO2,67.0 mg/L SO2,0.99769 g/cm³,pH 3.44,0.86 g/L,10.2% vol,Score: 7
1076,9.9 g/L,0.32 g/L,0.56 g/L,2.0 g/L,0.073 g/L,3.0 mg/L SO2,8.0 mg/L SO2,0.99534 g/cm³,pH 3.15,0.73 g/L,11.4% vol,Score: 6
1077,8.6 g/L,0.37 g/L,0.65 g/L,6.4 g/L,0.08 g/L,3.0 mg/L SO2,8.0 mg/L SO2,0.99817 g/cm³,pH 3.27,0.58 g/L,11.0% vol,Score: 5
1078,8.6 g/L,0.37 g/L,0.65 g/L,6.4 g/L,0.08 g/L,3.0 mg/L SO2,8.0 mg/L SO2,0.99817 g/cm³,pH 3.27,0.58 g/L,11.0% vol,Score: 5
1079,7.9 g/L,0.3 g/L,0.68 g/L,8.3 g/L,0.05 g/L,37.5 mg/L SO2,278.0 mg/L SO2,0.99316 g/cm³,pH 3.01,0.51 g/L,12.3% vol,Score: 7
1080,10.3 g/L,0.27 g/L,0.56 g/L,1.4 g/L,0.047 g/L,3.0 mg/L SO2,8.0 mg/L SO2,0.99471 g/cm³,pH 3.16,0.51 g/L,11.8% vol,Score: 6
1081,7.9 g/L,0.3 g/L,0.68 g/L,8.3 g/L,0.05 g/L,37.5 mg/L SO2,289.0 mg/L SO2,0.99316 g/cm³,pH 3.01,0.51 g/L,12.3% vol,Score: 7
1082,7.2 g/L,0.38 g/L,0.3 g/L,1.8 g/L,0.073 g/L,31.0 mg/L SO2,70.0 mg/L SO2,0.99685 g/cm³,pH 3.42,0.59 g/L,9.5% vol,Score: 6
1083,8.7 g/L,0.42 g/L,0.45 g/L,2.4 g/L,0.072 g/L,32.0 mg/L SO2,59.0 mg/L SO2,0.99617 g/cm³,pH 3.33,0.77 g/L,12.0% vol,Score: 6
1084,7.2 g/L,0.38 g/L,0.3 g/L,1.8 g/L,0.073 g/L,31.0 mg/L SO2,70.0 mg/L SO2,0.99685 g/cm³,pH 3.42,0.59 g/L,9.5% vol,Score: 6
1085,6.8 g/L,0.48 g/L,0.08 g/L,1.8 g/L,0.074 g/L,40.0 mg/L SO2,64.0 mg/L SO2,0.99529 g/cm³,pH 3.12,0.49 g/L,9.6% vol,Score: 5
1086,8.5 g/L,0.34 g/L,0.4 g/L,4.7 g/L,0.055 g/L,3.0 mg/L SO2,9.0 mg/L SO2,0.99738 g/cm³,pH 3.38,0.66 g/L,11.6% vol,Score: 7
1087,7.9 g/L,0.19 g/L,0.42 g/L,1.6 g/L,0.057 g/L,18.0 mg/L SO2,30.0 mg/L SO2,0.994 g/cm³,pH 3.29,0.69 g/L,11.2% vol,Score: 6
1088,11.6 g/L,0.41 g/L,0.54 g/L,1.5 g/L,0.095 g/L,22.0 mg/L SO2,41.0 mg/L SO2,0.99735 g/cm³,pH 3.02,0.76 g/L,9.9% vol,Score: 7
1089,11.6 g/L,0.41 g/L,0.54 g/L,1.5 g/L,0.095 g/L,22.0 mg/L SO2,41.0 mg/L SO2,0.99735 g/cm³,pH 3.02,0.76 g/L,9.9% vol,Score: 7
1090,10.0 g/L,0.26 g/L,0.54 g/L,1.9 g/L,0.083 g/L,42.0 mg/L SO2,74.0 mg/L SO2,0.99451 g/cm³,pH 2.98,0.63 g/L,11.8% vol,Score: 8
1091,7.9 g/L,0.34 g/L,0.42 g/L,2.0 g/L,0.086 g/L,8.0 mg/L SO2,19.0 mg/L SO2,0.99546 g/cm³,pH 3.35,0.6 g/L,11.4% vol,Score: 6
1092,7.0 g/L,0.54 g/L,0.09 g/L,2.0 g/L,0.081 g/L,10.0 mg/L SO2,16.0 mg/L SO2,0.99479 g/cm³,pH 3.43,0.59 g/L,11.5% vol,Score: 6
1093,9.2 g/L,0.31 g/L,0.36 g/L,2.2 g/L,0.079 g/L,11.0 mg/L SO2,31.0 mg/L SO2,0.99615 g/cm³,pH 3.33,0.86 g/L,12.0% vol,Score: 7
1094,6.6 g/L,0.725 g/L,0.09 g/L,5.5 g/L,0.117 g/L,9.0 mg/L SO2,17.0 mg/L SO2,0.99655 g/cm³,pH 3.35,0.49 g/L,10.8% vol,Score: 6
1095,9.4 g/L,0.4 g/L,0.47 g/L,2.5 g/L,0.087 g/L,6.0 mg/L SO2,20.0 mg/L SO2,0.99772 g/cm³,pH 3.15,0.5 g/L,10.5% vol,Score: 5
1096,6.6 g/L,0.725 g/L,0.09 g/L,5.5 g/L,0.117 g/L,9.0 mg/L SO2,17.0 mg/L SO2,0.99655 g/cm³,pH 3.35,0.49 g/L,10.8% vol,Score: 6
1097,8.6 g/L,0.52 g/L,0.38 g/L,1.5 g/L,0.096 g/L,5.0 mg/L SO2,18.0 mg/L SO2,0.99666 g/cm³,pH 3.2,0.52 g/L,9.4% vol,Score: 5
1098,8.0 g/L,0.31 g/L,0.45 g/L,2.1 g/L,0.216 g/L,5.0 mg/L SO2,16.0 mg/L SO2,0.99358 g/cm³,pH 3.15,0.81 g/L,12.5% vol,Score: 7
1099,8.6 g/L,0.52 g/L,0.38 g/L,1.5 g/L,0.096 g/L,5.0 mg/L SO2,18.0 mg/L SO2,0.99666 g/cm³,pH 3.2,0.52 g/L,9.4% vol,Score: 5
1100,8.4 g/L,0.34 g/L,0.42 g/L,2.1 g/L,0.072 g/L,23.0 mg/L SO2,36.0 mg/L SO2,0.99392 g/cm³,pH 3.11,0.78 g/L,12.4% vol,Score: 6
1101,7.4 g/L,0.49 g/L,0.27 g/L,2.1 g/L,0.071 g/L,14.0 mg/L SO2,25.0 mg/L SO2,0.99388 g/cm³,pH 3.35,0.63 g/L,12.0% vol,Score: 6
1102,6.1 g/L,0.48 g/L,0.09 g/L,1.7 g/L,0.078 g/L,18.0 mg/L SO2,30.0 mg/L SO2,0.99402 g/cm³,pH 3.45,0.54 g/L,11.2% vol,Score: 6
1103,7.4 g/L,0.49 g/L,0.27 g/L,2.1 g/L,0.071 g/L,14.0 mg/L SO2,25.0 mg/L SO2,0.99388 g/cm³,pH 3.35,0.63 g/L,12.0% vol,Score: 6
1104,8.0 g/L,0.48 g/L,0.34 g/L,2.2 g/L,0.073 g/L,16.0 mg/L SO2,25.0 mg/L SO2,0.9936 g/cm³,pH 3.28,0.66 g/L,12.4% vol,Score: 6
1105,6.3 g/L,0.57 g/L,0.28 g/L,2.1 g/L,0.048 g/L,13.0 mg/L SO2,49.0 mg/L SO2,0.99374 g/cm³,pH 3.41,0.6 g/L,12.8% vol,Score: 5
1106,8.2 g/L,0.23 g/L,0.42 g/L,1.9 g/L,0.069 g/L,9.0 mg/L SO2,17.0 mg/L SO2,0.99376 g/cm³,pH 3.21,0.54 g/L,12.3% vol,Score: 6
1107,9.1 g/L,0.3 g/L,0.41 g/L,2.0 g/L,0.068 g/L,10.0 mg/L SO2,24.0 mg/L SO2,0.99523 g/cm³,pH 3.27,0.85 g/L,11.7% vol,Score: 7
1108,8.1 g/L,0.78 g/L,0.1 g/L,3.3 g/L,0.09 g/L,4.0 mg/L SO2,13.0 mg/L SO2,0.99855 g/cm³,pH 3.36,0.49 g/L,9.5% vol,Score: 5
1109,10.8 g/L,0.47 g/L,0.43 g/L,2.1 g/L,0.171 g/L,27.0 mg/L SO2,66.0 mg/L SO2,0.9982 g/cm³,pH 3.17,0.76 g/L,10.8% vol,Score: 6
1110,8.3 g/L,0.53 g/L,0.0 g/L,1.4 g/L,0.07 g/L,6.0 mg/L SO2,14.0 mg/L SO2,0.99593 g/cm³,pH 3.25,0.64 g/L,10.0% vol,Score: 6
1111,5.4 g/L,0.42 g/L,0.27 g/L,2.0 g/L,0.092 g/L,23.0 mg/L SO2,55.0 mg/L SO2,0.99471 g/cm³,pH 3.78,0.64 g/L,12.3% vol,Score: 7
1112,7.9 g/L,0.33 g/L,0.41 g/L,1.5 g/L,0.056 g/L,6.0 mg/L SO2,35.0 mg/L SO2,0.99396 g/cm³,pH 3.29,0.71 g/L,11.0% vol,Score: 6
1113,8.9 g/L,0.24 g/L,0.39 g/L,1.6 g/L,0.074 g/L,3.0 mg/L SO2,10.0 mg/L SO2,0.99698 g/cm³,pH 3.12,0.59 g/L,9.5% vol,Score: 6
1114,5.0 g/L,0.4 g/L,0.5 g/L,4.3 g/L,0.046 g/L,29.0 mg/L SO2,80.0 mg/L SO2,0.9902 g/cm³,pH 3.49,0.66 g/L,13.6% vol,Score: 6
1115,7.0 g/L,0.69 g/L,0.07 g/L,2.5 g/L,0.091 g/L,15.0 mg/L SO2,21.0 mg/L SO2,0.99572 g/cm³,pH 3.38,0.6 g/L,11.3% vol,Score: 6
1116,7.0 g/L,0.69 g/L,0.07 g/L,2.5 g/L,0.091 g/L,15.0 mg/L SO2,21.0 mg/L SO2,0.99572 g/cm³,pH 3.38,0.6 g/L,11.3% vol,Score: 6
1117,7.0 g/L,0.69 g/L,0.07 g/L,2.5 g/L,0.091 g/L,15.0 mg/L SO2,21.0 mg/L SO2,0.99572 g/cm³,pH 3.38,0.6 g/L,11.3% vol,Score: 6
1118,7.1 g/L,0.39 g/L,0.12 g/L,2.1 g/L,0.065 g/L,14.0 mg/L SO2,24.0 mg/L SO2,0.99252 g/cm³,pH 3.3,0.53 g/L,13.3% vol,Score: 6
1119,5.6 g/L,0.66 g/L,0.0 g/L,2.5 g/L,0.066 g/L,7.0 mg/L SO2,15.0 mg/L SO2,0.99256 g/cm³,pH 3.52,0.58 g/L,12.9% vol,Score: 5
1120,7.9 g/L,0.54 g/L,0.34 g/L,2.5 g/L,0.076 g/L,8.0 mg/L SO2,17.0 mg/L SO2,0.99235 g/cm³,pH 3.2,0.72 g/L,13.1% vol,Score: 8
1121,6.6 g/L,0.5 g/L,0.0 g/L,1.8 g/L,0.062 g/L,21.0 mg/L SO2,28.0 mg/L SO2,0.99352 g/cm³,pH 3.44,0.55 g/L,12.3% vol,Score: 6
1122,6.3 g/L,0.47 g/L,0.0 g/L,1.4 g/L,0.055 g/L,27.0 mg/L SO2,33.0 mg/L SO2,0.9922 g/cm³,pH 3.45,0.48 g/L,12.3% vol,Score: 6
1123,10.7 g/L,0.4 g/L,0.37 g/L,1.9 g/L,0.081 g/L,17.0 mg/L SO2,29.0 mg/L SO2,0.99674 g/cm³,pH 3.12,0.65 g/L,11.2% vol,Score: 6
1124,6.5 g/L,0.58 g/L,0.0 g/L,2.2 g/L,0.096 g/L,3.0 mg/L SO2,13.0 mg/L SO2,0.99557 g/cm³,pH 3.62,0.62 g/L,11.5% vol,Score: 4
1125,8.8 g/L,0.24 g/L,0.35 g/L,1.7 g/L,0.055 g/L,13.0 mg/L SO2,27.0 mg/L SO2,0.99394 g/cm³,pH 3.14,0.59 g/L,11.3% vol,Score: 7
1126,5.8 g/L,0.29 g/L,0.26 g/L,1.7 g/L,0.063 g/L,3.0 mg/L SO2,11.0 mg/L SO2,0.9915 g/cm³,pH 3.39,0.54 g/L,13.5% vol,Score: 6
1127,6.3 g/L,0.76 g/L,0.0 g/L,2.9 g/L,0.072 g/L,26.0 mg/L SO2,52.0 mg/L SO2,0.99379 g/cm³,pH 3.51,0.6 g/L,11.5% vol,Score: 6
1128,10.0 g/L,0.43 g/L,0.33 g/L,2.7 g/L,0.095 g/L,28.0 mg/L SO2,89.0 mg/L SO2,0.9984 g/cm³,pH 3.22,0.68 g/L,10.0% vol,Score: 5
1129,10.5 g/L,0.43 g/L,0.35 g/L,3.3 g/L,0.092 g/L,24.0 mg/L SO2,70.0 mg/L SO2,0.99798 g/cm³,pH 3.21,0.69 g/L,10.5% vol,Score: 6
1130,9.1 g/L,0.6 g/L,0.0 g/L,1.9 g/L,0.058 g/L,5.0 mg/L SO2,10.0 mg/L SO2,0.9977 g/cm³,pH 3.18,0.63 g/L,10.4% vol,Score: 6
1131,5.9 g/L,0.19 g/L,0.21 g/L,1.7 g/L,0.045 g/L,57.0 mg/L SO2,135.0 mg/L SO2,0.99341 g/cm³,pH 3.32,0.44 g/L,9.5% vol,Score: 5
1132,7.4 g/L,0.36 g/L,0.34 g/L,1.8 g/L,0.075 g/L,18.0 mg/L SO2,38.0 mg/L SO2,0.9933 g/cm³,pH 3.38,0.88 g/L,13.6% vol,Score: 7
1133,7.2 g/L,0.48 g/L,0.07 g/L,5.5 g/L,0.089 g/L,10.0 mg/L SO2,18.0 mg/L SO2,0.99684 g/cm³,pH 3.37,0.68 g/L,11.2% vol,Score: 7
1134,8.5 g/L,0.28 g/L,0.35 g/L,1.7 g/L,0.061 g/L,6.0 mg/L SO2,15.0 mg/L SO2,0.99524 g/cm³,pH 3.3,0.74 g/L,11.8% vol,Score: 7
1135,8.0 g/L,0.25 g/L,0.43 g/L,1.7 g/L,0.067 g/L,22.0 mg/L SO2,50.0 mg/L SO2,0.9946 g/cm³,pH 3.38,0.6 g/L,11.9% vol,Score: 6
1136,10.4 g/L,0.52 g/L,0.45 g/L,2.0 g/L,0.08 g/L,6.0 mg/L SO2,13.0 mg/L SO2,0.99774 g/cm³,pH 3.22,0.76 g/L,11.4% vol,Score: 6
1137,10.4 g/L,0.52 g/L,0.45 g/L,2.0 g/L,0.08 g/L,6.0 mg/L SO2,13.0 mg/L SO2,0.99774 g/cm³,pH 3.22,0.76 g/L,11.4% vol,Score: 6
1138,7.5 g/L,0.41 g/L,0.15 g/L,3.7 g/L,0.104 g/L,29.0 mg/L SO2,94.0 mg/L SO2,0.99786 g/cm³,pH 3.14,0.58 g/L,9.1% vol,Score: 5
1139,8.2 g/L,0.51 g/L,0.24 g/L,2.0 g/L,0.079 g/L,16.0 mg/L SO2,86.0 mg/L SO2,0.99764 g/cm³,pH 3.34,0.64 g/L,9.5% vol,Score: 6
1140,7.3 g/L,0.4 g/L,0.3 g/L,1.7 g/L,0.08 g/L,33.0 mg/L SO2,79.0 mg/L SO2,0.9969 g/cm³,pH 3.41,0.65 g/L,9.5% vol,Score: 6
1141,8.2 g/L,0.38 g/L,0.32 g/L,2.5 g/L,0.08 g/L,24.0 mg/L SO2,71.0 mg/L SO2,0.99624 g/cm³,pH 3.27,0.85 g/L,11.0% vol,Score: 6
1142,6.9 g/L,0.45 g/L,0.11 g/L,2.4 g/L,0.043 g/L,6.0 mg/L SO2,12.0 mg/L SO2,0.99354 g/cm³,pH 3.3,0.65 g/L,11.4% vol,Score: 6
1143,7.0 g/L,0.22 g/L,0.3 g/L,1.8 g/L,0.065 g/L,16.0 mg/L SO2,20.0 mg/L SO2,0.99672 g/cm³,pH 3.61,0.82 g/L,10.0% vol,Score: 6
1144,7.3 g/L,0.32 g/L,0.23 g/L,2.3 g/L,0.066 g/L,35.0 mg/L SO2,70.0 mg/L SO2,0.99588 g/cm³,pH 3.43,0.62 g/L,10.1% vol,Score: 5
1145,8.2 g/L,0.2 g/L,0.43 g/L,2.5 g/L,0.076 g/L,31.0 mg/L SO2,51.0 mg/L SO2,0.99672 g/cm³,pH 3.53,0.81 g/L,10.4% vol,Score: 6
1146,7.8 g/L,0.5 g/L,0.12 g/L,1.8 g/L,0.178 g/L,6.0 mg/L SO2,21.0 mg/L SO2,0.996 g/cm³,pH 3.28,0.87 g/L,9.8% vol,Score: 6
1147,10.0 g/L,0.41 g/L,0.45 g/L,6.2 g/L,0.071 g/L,6.0 mg/L SO2,14.0 mg/L SO2,0.99702 g/cm³,pH 3.21,0.49 g/L,11.8% vol,Score: 7
1148,7.8 g/L,0.39 g/L,0.42 g/L,2.0 g/L,0.086 g/L,9.0 mg/L SO2,21.0 mg/L SO2,0.99526 g/cm³,pH 3.39,0.66 g/L,11.6% vol,Score: 6
1149,10.0 g/L,0.35 g/L,0.47 g/L,2.0 g/L,0.061 g/L,6.0 mg/L SO2,11.0 mg/L SO2,0.99585 g/cm³,pH 3.23,0.52 g/L,12.0% vol,Score: 6
1150,8.2 g/L,0.33 g/L,0.32 g/L,2.8 g/L,0.067 g/L,4.0 mg/L SO2,12.0 mg/L SO2,0.99473 g/cm³,pH 3.3,0.76 g/L,12.8% vol,Score: 7
1151,6.1 g/L,0.58 g/L,0.23 g/L,2.5 g/L,0.044 g/L,16.0 mg/L SO2,70.0 mg/L SO2,0.99352 g/cm³,pH 3.46,0.65 g/L,12.5% vol,Score: 6
1152,8.3 g/L,0.6 g/L,0.25 g/L,2.2 g/L,0.118 g/L,9.0 mg/L SO2,38.0 mg/L SO2,0.99616 g/cm³,pH 3.15,0.53 g/L,9.8% vol,Score: 5
1153,9.6 g/L,0.42 g/L,0.35 g/L,2.1 g/L,0.083 g/L,17.0 mg/L SO2,38.0 mg/L SO2,0.99622 g/cm³,pH 3.23,0.66 g/L,11.1% vol,Score: 6
1154,6.6 g/L,0.58 g/L,0.0 g/L,2.2 g/L,0.1 g/L,50.0 mg/L SO2,63.0 mg/L SO2,0.99544 g/cm³,pH 3.59,0.68 g/L,11.4% vol,Score: 6
1155,8.3 g/L,0.6 g/L,0.25 g/L,2.2 g/L,0.118 g/L,9.0 mg/L SO2,38.0 mg/L SO2,0.99616 g/cm³,pH 3.15,0.53 g/L,9.8% vol,Score: 5
1156,8.5 g/L,0.18 g/L,0.51 g/L,1.75 g/L,0.071 g/L,45.0 mg/L SO2,88.0 mg/L SO2,0.99524 g/cm³,pH 3.33,0.76 g/L,11.8% vol,Score: 7
1157,5.1 g/L,0.51 g/L,0.18 g/L,2.1 g/L,0.042 g/L,16.0 mg/L SO2,101.0 mg/L SO2,0.9924 g/cm³,pH 3.46,0.87 g/L,12.9% vol,Score: 7
1158,6.7 g/L,0.41 g/L,0.43 g/L,2.8 g/L,0.076 g/L,22.0 mg/L SO2,54.0 mg/L SO2,0.99572 g/cm³,pH 3.42,1.16 g/L,10.6% vol,Score: 6
1159,10.2 g/L,0.41 g/L,0.43 g/L,2.2 g/L,0.11 g/L,11.0 mg/L SO2,37.0 mg/L SO2,0.99728 g/cm³,pH 3.16,0.67 g/L,10.8% vol,Score: 5
1160,10.6 g/L,0.36 g/L,0.57 g/L,2.3 g/L,0.087 g/L,6.0 mg/L SO2,20.0 mg/L SO2,0.99676 g/cm³,pH 3.14,0.72 g/L,11.1% vol,Score: 7
1161,8.8 g/L,0.45 g/L,0.43 g/L,1.4 g/L,0.076 g/L,12.0 mg/L SO2,21.0 mg/L SO2,0.99551 g/cm³,pH 3.21,0.75 g/L,10.2% vol,Score: 6
1162,8.5 g/L,0.32 g/L,0.42 g/L,2.3 g/L,0.075 g/L,12.0 mg/L SO2,19.0 mg/L SO2,0.99434 g/cm³,pH 3.14,0.71 g/L,11.8% vol,Score: 7
1163,9.0 g/L,0.785 g/L,0.24 g/L,1.7 g/L,0.078 g/L,10.0 mg/L SO2,21.0 mg/L SO2,0.99692 g/cm³,pH 3.29,0.67 g/L,10.0% vol,Score: 5
1164,9.0 g/L,0.785 g/L,0.24 g/L,1.7 g/L,0.078 g/L,10.0 mg/L SO2,21.0 mg/L SO2,0.99692 g/cm³,pH 3.29,0.67 g/L,10.0% vol,Score: 5
1165,8.5 g/L,0.44 g/L,0.5 g/L,1.9 g/L,0.369 g/L,15.0 mg/L SO2,38.0 mg/L SO2,0.99634 g/cm³,pH 3.01,1.1 g/L,9.4% vol,Score: 5
1166,9.9 g/L,0.54 g/L,0.26 g/L,2.0 g/L,0.111 g/L,7.0 mg/L SO2,60.0 mg/L SO2,0.99709 g/cm³,pH 2.94,0.98 g/L,10.2% vol,Score: 5
1167,8.2 g/L,0.33 g/L,0.39 g/L,2.5 g/L,0.074 g/L,29.0 mg/L SO2,48.0 mg/L SO2,0.99528 g/cm³,pH 3.32,0.88 g/L,12.4% vol,Score: 7
1168,6.5 g/L,0.34 g/L,0.27 g/L,2.8 g/L,0.067 g/L,8.0 mg/L SO2,44.0 mg/L SO2,0.99384 g/cm³,pH 3.21,0.56 g/L,12.0% vol,Score: 6
1169,7.6 g/L,0.5 g/L,0.29 g/L,2.3 g/L,0.086 g/L,5.0 mg/L SO2,14.0 mg/L SO2,0.99502 g/cm³,pH 3.32,0.62 g/L,11.5% vol,Score: 6
1170,9.2 g/L,0.36 g/L,0.34 g/L,1.6 g/L,0.062 g/L,5.0 mg/L SO2,12.0 mg/L SO2,0.99667 g/cm³,pH 3.2,0.67 g/L,10.5% vol,Score: 6
1171,7.1 g/L,0.59 g/L,0.0 g/L,2.2 g/L,0.078 g/L,26.0 mg/L SO2,44.0 mg/L SO2,0.99522 g/cm³,pH 3.42,0.68 g/L,10.8% vol,Score: 6
1172,9.7 g/L,0.42 g/L,0.46 g/L,2.1 g/L,0.074 g/L,5.0 mg/L SO2,16.0 mg/L SO2,0.99649 g/cm³,pH 3.27,0.74 g/L,12.3% vol,Score: 6
1173,7.6 g/L,0.36 g/L,0.31 g/L,1.7 g/L,0.079 g/L,26.0 mg/L SO2,65.0 mg/L SO2,0.99716 g/cm³,pH 3.46,0.62 g/L,9.5% vol,Score: 6
1174,7.6 g/L,0.36 g/L,0.31 g/L,1.7 g/L,0.079 g/L,26.0 mg/L SO2,65.0 mg/L SO2,0.99716 g/cm³,pH 3.46,0.62 g/L,9.5% vol,Score: 6
1175,6.5 g/L,0.61 g/L,0.0 g/L,2.2 g/L,0.095 g/L,48.0 mg/L SO2,59.0 mg/L SO2,0.99541 g/cm³,pH 3.61,0.7 g/L,11.5% vol,Score: 6
1176,6.5 g/L,0.88 g/L,0.03 g/L,5.6 g/L,0.079 g/L,23.0 mg/L SO2,47.0 mg/L SO2,0.99572 g/cm³,pH 3.58,0.5 g/L,11.2% vol,Score: 4
1177,7.1 g/L,0.66 g/L,0.0 g/L,2.4 g/L,0.052 g/L,6.0 mg/L SO2,11.0 mg/L SO2,0.99318 g/cm³,pH 3.35,0.66 g/L,12.7% vol,Score: 7
1178,5.6 g/L,0.915 g/L,0.0 g/L,2.1 g/L,0.041 g/L,17.0 mg/L SO2,78.0 mg/L SO2,0.99346 g/cm³,pH 3.68,0.73 g/L,11.4% vol,Score: 5
1179,8.2 g/L,0.35 g/L,0.33 g/L,2.4 g/L,0.076 g/L,11.0 mg/L SO2,47.0 mg/L SO2,0.99599 g/cm³,pH 3.27,0.81 g/L,11.0% vol,Score: 6
1180,8.2 g/L,0.35 g/L,0.33 g/L,2.4 g/L,0.076 g/L,11.0 mg/L SO2,47.0 mg/L SO2,0.99599 g/cm³,pH 3.27,0.81 g/L,11.0% vol,Score: 6
1181,9.8 g/L,0.39 g/L,0.43 g/L,1.65 g/L,0.068 g/L,5.0 mg/L SO2,11.0 mg/L SO2,0.99478 g/cm³,pH 3.19,0.46 g/L,11.4% vol,Score: 5
1182,10.2 g/L,0.4 g/L,0.4 g/L,2.5 g/L,0.068 g/L,41.0 mg/L SO2,54.0 mg/L SO2,0.99754 g/cm³,pH 3.38,0.86 g/L,10.5% vol,Score: 6
1183,6.8 g/L,0.66 g/L,0.07 g/L,1.6 g/L,0.07 g/L,16.0 mg/L SO2,61.0 mg/L SO2,0.99572 g/cm³,pH 3.29,0.6 g/L,9.3% vol,Score: 5
1184,6.7 g/L,0.64 g/L,0.23 g/L,2.1 g/L,0.08 g/L,11.0 mg/L SO2,119.0 mg/L SO2,0.99538 g/cm³,pH 3.36,0.7 g/L,10.9% vol,Score: 5
1185,7.0 g/L,0.43 g/L,0.3 g/L,2.0 g/L,0.085 g/L,6.0 mg/L SO2,39.0 mg/L SO2,0.99346 g/cm³,pH 3.33,0.46 g/L,11.9% vol,Score: 6
1186,6.6 g/L,0.8 g/L,0.03 g/L,7.8 g/L,0.079 g/L,6.0 mg/L SO2,12.0 mg/L SO2,0.9963 g/cm³,pH 3.52,0.5 g/L,12.2% vol,Score: 5
1187,7.0 g/L,0.43 g/L,0.3 g/L,2.0 g/L,0.085 g/L,6.0 mg/L SO2,39.0 mg/L SO2,0.99346 g/cm³,pH 3.33,0.46 g/L,11.9% vol,Score: 6
1188,6.7 g/L,0.64 g/L,0.23 g/L,2.1 g/L,0.08 g/L,11.0 mg/L SO2,119.0 mg/L SO2,0.99538 g/cm³,pH 3.36,0.7 g/L,10.9% vol,Score: 5
1189,8.8 g/L,0.955 g/L,0.05 g/L,1.8 g/L,0.075 g/L,5.0 mg/L SO2,19.0 mg/L SO2,0.99616 g/cm³,pH 3.3,0.44 g/L,9.6% vol,Score: 4
1190,9.1 g/L,0.4 g/L,0.57 g/L,4.6 g/L,0.08 g/L,6.0 mg/L SO2,20.0 mg/L SO2,0.99652 g/cm³,pH 3.28,0.57 g/L,12.5% vol,Score: 6
1191,6.5 g/L,0.885 g/L,0.0 g/L,2.3 g/L,0.166 g/L,6.0 mg/L SO2,12.0 mg/L SO2,0.99551 g/cm³,pH 3.56,0.51 g/L,10.8% vol,Score: 5
1192,7.2 g/L,0.25 g/L,0.37 g/L,2.5 g/L,0.063 g/L,11.0 mg/L SO2,41.0 mg/L SO2,0.99439 g/cm³,pH 3.52,0.8 g/L,12.4% vol,Score: 7
1193,6.4 g/L,0.885 g/L,0.0 g/L,2.3 g/L,0.166 g/L,6.0 mg/L SO2,12.0 mg/L SO2,0.99551 g/cm³,pH 3.56,0.51 g/L,10.8% vol,Score: 5
1194,7.0 g/L,0.745 g/L,0.12 g/L,1.8 g/L,0.114 g/L,15.0 mg/L SO2,64.0 mg/L SO2,0.99588 g/cm³,pH 3.22,0.59 g/L,9.5% vol,Score: 6
1195,6.2 g/L,0.43 g/L,0.22 g/L,1.8 g/L,0.078 g/L,21.0 mg/L SO2,56.0 mg/L SO2,0.99633 g/cm³,pH 3.52,0.6 g/L,9.5% vol,Score: 6
1196,7.9 g/L,0.58 g/L,0.23 g/L,2.3 g/L,0.076 g/L,23.0 mg/L SO2,94.0 mg/L SO2,0.99686 g/cm³,pH 3.21,0.58 g/L,9.5% vol,Score: 6
1197,7.7 g/L,0.57 g/L,0.21 g/L,1.5 g/L,0.069 g/L,4.0 mg/L SO2,9.0 mg/L SO2,0.99458 g/cm³,pH 3.16,0.54 g/L,9.8% vol,Score: 6
1198,7.7 g/L,0.26 g/L,0.26 g/L,2.0 g/L,0.052 g/L,19.0 mg/L SO2,77.0 mg/L SO2,0.9951 g/cm³,pH 3.15,0.79 g/L,10.9% vol,Score: 6
1199,7.9 g/L,0.58 g/L,0.23 g/L,2.3 g/L,0.076 g/L,23.0 mg/L SO2,94.0 mg/L SO2,0.99686 g/cm³,pH 3.21,0.58 g/L,9.5% vol,Score: 6
1200,7.7 g/L,0.57 g/L,0.21 g/L,1.5 g/L,0.069 g/L,4.0 mg/L SO2,9.0 mg/L SO2,0.99458 g/cm³,pH 3.16,0.54 g/L,9.8% vol,Score: 6
1201,7.9 g/L,0.34 g/L,0.36 g/L,1.9 g/L,0.065 g/L,5.0 mg/L SO2,10.0 mg/L SO2,0.99419 g/cm³,pH 3.27,0.54 g/L,11.2% vol,Score: 7
1202,8.6 g/L,0.42 g/L,0.39 g/L,1.8 g/L,0.068 g/L,6.0 mg/L SO2,12.0 mg/L SO2,0.99516 g/cm³,pH 3.35,0.69 g/L,11.7% vol,Score: 8
1203,9.9 g/L,0.74 g/L,0.19 g/L,5.8 g/L,0.111 g/L,33.0 mg/L SO2,76.0 mg/L SO2,0.99878 g/cm³,pH 3.14,0.55 g/L,9.4% vol,Score: 5
1204,7.2 g/L,0.36 g/L,0.46 g/L,2.1 g/L,0.074 g/L,24.0 mg/L SO2,44.0 mg/L SO2,0.99534 g/cm³,pH 3.4,0.85 g/L,11.0% vol,Score: 7
1205,7.2 g/L,0.36 g/L,0.46 g/L,2.1 g/L,0.074 g/L,24.0 mg/L SO2,44.0 mg/L SO2,0.99534 g/cm³,pH 3.4,0.85 g/L,11.0% vol,Score: 7
1206,7.2 g/L,0.36 g/L,0.46 g/L,2.1 g/L,0.074 g/L,24.0 mg/L SO2,44.0 mg/L SO2,0.99534 g/cm³,pH 3.4,0.85 g/L,11.0% vol,Score: 7
1207,9.9 g/L,0.72 g/L,0.55 g/L,1.7 g/L,0.136 g/L,24.0 mg/L SO2,52.0 mg/L SO2,0.99752 g/cm³,pH 3.35,0.94 g/L,10.0% vol,Score: 5
1208,7.2 g/L,0.36 g/L,0.46 g/L,2.1 g/L,0.074 g/L,24.0 mg/L SO2,44.0 mg/L SO2,0.99534 g/cm³,pH 3.4,0.85 g/L,11.0% vol,Score: 7
1209,6.2 g/L,0.39 g/L,0.43 g/L,2.0 g/L,0.071 g/L,14.0 mg/L SO2,24.0 mg/L SO2,0.99428 g/cm³,pH 3.45,0.87 g/L,11.2% vol,Score: 7
1210,6.8 g/L,0.65 g/L,0.02 g/L,2.1 g/L,0.078 g/L,8.0 mg/L SO2,15.0 mg/L SO2,0.99498 g/cm³,pH 3.35,0.62 g/L,10.4% vol,Score: 6
1211,6.6 g/L,0.44 g/L,0.15 g/L,2.1 g/L,0.076 g/L,22.0 mg/L SO2,53.0 mg/L SO2,0.9957 g/cm³,pH 3.32,0.62 g/L,9.3% vol,Score: 5
1212,6.8 g/L,0.65 g/L,0.02 g/L,2.1 g/L,0.078 g/L,8.0 mg/L SO2,15.0 mg/L SO2,0.99498 g/cm³,pH 3.35,0.62 g/L,10.4% vol,Score: 6
1213,9.6 g/L,0.38 g/L,0.42 g/L,1.9 g/L,0.071 g/L,5.0 mg/L SO2,13.0 mg/L SO2,0.99659 g/cm³,pH 3.15,0.75 g/L,10.5% vol,Score: 6
1214,10.2 g/L,0.33 g/L,0.46 g/L,1.9 g/L,0.081 g/L,6.0 mg/L SO2,9.0 mg/L SO2,0.99628 g/cm³,pH 3.1,0.48 g/L,10.4% vol,Score: 6
1215,8.8 g/L,0.27 g/L,0.46 g/L,2.1 g/L,0.095 g/L,20.0 mg/L SO2,29.0 mg/L SO2,0.99488 g/cm³,pH 3.26,0.56 g/L,11.3% vol,Score: 6
1216,7.9 g/L,0.57 g/L,0.31 g/L,2.0 g/L,0.079 g/L,10.0 mg/L SO2,79.0 mg/L SO2,0.99677 g/cm³,pH 3.29,0.69 g/L,9.5% vol,Score: 6
1217,8.2 g/L,0.34 g/L,0.37 g/L,1.9 g/L,0.057 g/L,43.0 mg/L SO2,74.0 mg/L SO2,0.99408 g/cm³,pH 3.23,0.81 g/L,12.0% vol,Score: 6
1218,8.2 g/L,0.4 g/L,0.31 g/L,1.9 g/L,0.082 g/L,8.0 mg/L SO2,24.0 mg/L SO2,0.996 g/cm³,pH 3.24,0.69 g/L,10.6% vol,Score: 6
1219,9.0 g/L,0.39 g/L,0.4 g/L,1.3 g/L,0.044 g/L,25.0 mg/L SO2,50.0 mg/L SO2,0.99478 g/cm³,pH 3.2,0.83 g/L,10.9% vol,Score: 6
1220,10.9 g/L,0.32 g/L,0.52 g/L,1.8 g/L,0.132 g/L,17.0 mg/L SO2,44.0 mg/L SO2,0.99734 g/cm³,pH 3.28,0.77 g/L,11.5% vol,Score: 6
1221,10.9 g/L,0.32 g/L,0.52 g/L,1.8 g/L,0.132 g/L,17.0 mg/L SO2,44.0 mg/L SO2,0.99734 g/cm³,pH 3.28,0.77 g/L,11.5% vol,Score: 6
1222,8.1 g/L,0.53 g/L,0.22 g/L,2.2 g/L,0.078 g/L,33.0 mg/L SO2,89.0 mg/L SO2,0.99678 g/cm³,pH 3.26,0.46 g/L,9.6% vol,Score: 6
1223,10.5 g/L,0.36 g/L,0.47 g/L,2.2 g/L,0.074 g/L,9.0 mg/L SO2,23.0 mg/L SO2,0.99638 g/cm³,pH 3.23,0.76 g/L,12.0% vol,Score: 6
1224,12.6 g/L,0.39 g/L,0.49 g/L,2.5 g/L,0.08 g/L,8.0 mg/L SO2,20.0 mg/L SO2,0.9992 g/cm³,pH 3.07,0.82 g/L,10.3% vol,Score: 6
1225,9.2 g/L,0.46 g/L,0.23 g/L,2.6 g/L,0.091 g/L,18.0 mg/L SO2,77.0 mg/L SO2,0.99922 g/cm³,pH 3.15,0.51 g/L,9.4% vol,Score: 5
1226,7.5 g/L,0.58 g/L,0.03 g/L,4.1 g/L,0.08 g/L,27.0 mg/L SO2,46.0 mg/L SO2,0.99592 g/cm³,pH 3.02,0.47 g/L,9.2% vol,Score: 5
1227,9.0 g/L,0.58 g/L,0.25 g/L,2.0 g/L,0.104 g/L,8.0 mg/L SO2,21.0 mg/L SO2,0.99769 g/cm³,pH 3.27,0.72 g/L,9.6% vol,Score: 5
1228,5.1 g/L,0.42 g/L,0.0 g/L,1.8 g/L,0.044 g/L,18.0 mg/L SO2,88.0 mg/L SO2,0.99157 g/cm³,pH 3.68,0.73 g/L,13.6% vol,Score: 7
1229,7.6 g/L,0.43 g/L,0.29 g/L,2.1 g/L,0.075 g/L,19.0 mg/L SO2,66.0 mg/L SO2,0.99718 g/cm³,pH 3.4,0.64 g/L,9.5% vol,Score: 5
1230,7.7 g/L,0.18 g/L,0.34 g/L,2.7 g/L,0.066 g/L,15.0 mg/L SO2,58.0 mg/L SO2,0.9947 g/cm³,pH 3.37,0.78 g/L,11.8% vol,Score: 6
1231,7.8 g/L,0.815 g/L,0.01 g/L,2.6 g/L,0.074 g/L,48.0 mg/L SO2,90.0 mg/L SO2,0.99621 g/cm³,pH 3.38,0.62 g/L,10.8% vol,Score: 5
1232,7.6 g/L,0.43 g/L,0.29 g/L,2.1 g/L,0.075 g/L,19.0 mg/L SO2,66.0 mg/L SO2,0.99718 g/cm³,pH 3.4,0.64 g/L,9.5% vol,Score: 5
1233,10.2 g/L,0.23 g/L,0.37 g/L,2.2 g/L,0.057 g/L,14.0 mg/L SO2,36.0 mg/L SO2,0.99614 g/cm³,pH 3.23,0.49 g/L,9.3% vol,Score: 4
1234,7.1 g/L,0.75 g/L,0.01 g/L,2.2 g/L,0.059 g/L,11.0 mg/L SO2,18.0 mg/L SO2,0.99242 g/cm³,pH 3.39,0.4 g/L,12.8% vol,Score: 6
1235,6.0 g/L,0.33 g/L,0.32 g/L,12.9 g/L,0.054 g/L,6.0 mg/L SO2,113.0 mg/L SO2,0.99572 g/cm³,pH 3.3,0.56 g/L,11.5% vol,Score: 4
1236,7.8 g/L,0.55 g/L,0.0 g/L,1.7 g/L,0.07 g/L,7.0 mg/L SO2,17.0 mg/L SO2,0.99659 g/cm³,pH 3.26,0.64 g/L,9.4% vol,Score: 6
1237,7.1 g/L,0.75 g/L,0.01 g/L,2.2 g/L,0.059 g/L,11.0 mg/L SO2,18.0 mg/L SO2,0.99242 g/cm³,pH 3.39,0.4 g/L,12.8% vol,Score: 6
1238,8.1 g/L,0.73 g/L,0.0 g/L,2.5 g/L,0.081 g/L,12.0 mg/L SO2,24.0 mg/L SO2,0.99798 g/cm³,pH 3.38,0.46 g/L,9.6% vol,Score: 4
1239,6.5 g/L,0.67 g/L,0.0 g/L,4.3 g/L,0.057 g/L,11.0 mg/L SO2,20.0 mg/L SO2,0.99488 g/cm³,pH 3.45,0.56 g/L,11.8% vol,Score: 4
1240,7.5 g/L,0.61 g/L,0.2 g/L,1.7 g/L,0.076 g/L,36.0 mg/L SO2,60.0 mg/L SO2,0.99494 g/cm³,pH 3.1,0.4 g/L,9.3% vol,Score: 5
1241,9.8 g/L,0.37 g/L,0.39 g/L,2.5 g/L,0.079 g/L,28.0 mg/L SO2,65.0 mg/L SO2,0.99729 g/cm³,pH 3.16,0.59 g/L,9.8% vol,Score: 5
1242,9.0 g/L,0.4 g/L,0.41 g/L,2.0 g/L,0.058 g/L,15.0 mg/L SO2,40.0 mg/L SO2,0.99414 g/cm³,pH 3.22,0.6 g/L,12.2% vol,Score: 6
1243,8.3 g/L,0.56 g/L,0.22 g/L,2.4 g/L,0.082 g/L,10.0 mg/L SO2,86.0 mg/L SO2,0.9983 g/cm³,pH 3.37,0.62 g/L,9.5% vol,Score: 5
1244,5.9 g/L,0.29 g/L,0.25 g/L,13.4 g/L,0.067 g/L,72.0 mg/L SO2,160.0 mg/L SO2,0.99721 g/cm³,pH 3.33,0.54 g/L,10.3% vol,Score: 6
1245,7.4 g/L,0.55 g/L,0.19 g/L,1.8 g/L,0.082 g/L,15.0 mg/L SO2,34.0 mg/L SO2,0.99655 g/cm³,pH 3.49,0.68 g/L,10.5% vol,Score: 5
1246,7.4 g/L,0.74 g/L,0.07 g/L,1.7 g/L,0.086 g/L,15.0 mg/L SO2,48.0 mg/L SO2,0.99502 g/cm³,pH 3.12,0.48 g/L,10.0% vol,Score: 5
1247,7.4 g/L,0.55 g/L,0.19 g/L,1.8 g/L,0.082 g/L,15.0 mg/L SO2,34.0 mg/L SO2,0.99655 g/cm³,pH 3.49,0.68 g/L,10.5% vol,Score: 5
1248,6.9 g/L,0.41 g/L,0.33 g/L,2.2 g/L,0.081 g/L,22.0 mg/L SO2,36.0 mg/L SO2,0.9949 g/cm³,pH 3.41,0.75 g/L,11.1% vol,Score: 6
1249,7.1 g/L,0.6 g/L,0.01 g/L,2.3 g/L,0.079 g/L,24.0 mg/L SO2,37.0 mg/L SO2,0.99514 g/cm³,pH 3.4,0.61 g/L,10.9% vol,Score: 6
1250,7.1 g/L,0.6 g/L,0.01 g/L,2.3 g/L,0.079 g/L,24.0 mg/L SO2,37.0 mg/L SO2,0.99514 g/cm³,pH 3.4,0.61 g/L,10.9% vol,Score: 6
1251,7.5 g/L,0.58 g/L,0.14 g/L,2.2 g/L,0.077 g/L,27.0 mg/L SO2,60.0 mg/L SO2,0.9963 g/cm³,pH 3.28,0.59 g/L,9.8% vol,Score: 5
1252,7.1 g/L,0.72 g/L,0.0 g/L,1.8 g/L,0.123 g/L,6.0 mg/L SO2,14.0 mg/L SO2,0.99627 g/cm³,pH 3.45,0.58 g/L,9.8% vol,Score: 5
1253,7.9 g/L,0.66 g/L,0.0 g/L,1.4 g/L,0.096 g/L,6.0 mg/L SO2,13.0 mg/L SO2,0.99569 g/cm³,pH 3.43,0.58 g/L,9.5% vol,Score: 5
1254,7.8 g/L,0.7 g/L,0.06 g/L,1.9 g/L,0.079 g/L,20.0 mg/L SO2,35.0 mg/L SO2,0.99628 g/cm³,pH 3.4,0.69 g/L,10.9% vol,Score: 5
1255,6.1 g/L,0.64 g/L,0.02 g/L,2.4 g/L,0.069 g/L,26.0 mg/L SO2,46.0 mg/L SO2,0.99358 g/cm³,pH 3.47,0.45 g/L,11.0% vol,Score: 5
1256,7.5 g/L,0.59 g/L,0.22 g/L,1.8 g/L,0.082 g/L,43.0 mg/L SO2,60.0 mg/L SO2,0.99499 g/cm³,pH 3.1,0.42 g/L,9.2% vol,Score: 5
1257,7.0 g/L,0.58 g/L,0.28 g/L,4.8 g/L,0.085 g/L,12.0 mg/L SO2,69.0 mg/L SO2,0.99633 g/cm³,pH 3.32,0.7 g/L,11.0% vol,Score: 6
1258,6.8 g/L,0.64 g/L,0.0 g/L,2.7 g/L,0.123 g/L,15.0 mg/L SO2,33.0 mg/L SO2,0.99538 g/cm³,pH 3.44,0.63 g/L,11.3% vol,Score: 6
1259,6.8 g/L,0.64 g/L,0.0 g/L,2.7 g/L,0.123 g/L,15.0 mg/L SO2,33.0 mg/L SO2,0.99538 g/cm³,pH 3.44,0.63 g/L,11.3% vol,Score: 6
1260,8.6 g/L,0.635 g/L,0.68 g/L,1.8 g/L,0.403 g/L,19.0 mg/L SO2,56.0 mg/L SO2,0.99632 g/cm³,pH 3.02,1.15 g/L,9.3% vol,Score: 5
1261,6.3 g/L,1.02 g/L,0.0 g/L,2.0 g/L,0.083 g/L,17.0 mg/L SO2,24.0 mg/L SO2,0.99437 g/cm³,pH 3.59,0.55 g/L,11.2% vol,Score: 4
1262,9.8 g/L,0.45 g/L,0.38 g/L,2.5 g/L,0.081 g/L,34.0 mg/L SO2,66.0 mg/L SO2,0.99726 g/cm³,pH 3.15,0.58 g/L,9.8% vol,Score: 5
1263,8.2 g/L,0.78 g/L,0.0 g/L,2.2 g/L,0.089 g/L,13.0 mg/L SO2,26.0 mg/L SO2,0.9978 g/cm³,pH 3.37,0.46 g/L,9.6% vol,Score: 4
1264,8.5 g/L,0.37 g/L,0.32 g/L,1.8 g/L,0.066 g/L,26.0 mg/L SO2,51.0 mg/L SO2,0.99456 g/cm³,pH 3.38,0.72 g/L,11.8% vol,Score: 6
1265,7.2 g/L,0.57 g/L,0.05 g/L,2.3 g/L,0.081 g/L,16.0 mg/L SO2,36.0 mg/L SO2,0.99564 g/cm³,pH 3.38,0.6 g/L,10.3% vol,Score: 6
1266,7.2 g/L,0.57 g/L,0.05 g/L,2.3 g/L,0.081 g/L,16.0 mg/L SO2,36.0 mg/L SO2,0.99564 g/cm³,pH 3.38,0.6 g/L,10.3% vol,Score: 6
1267,10.4 g/L,0.43 g/L,0.5 g/L,2.3 g/L,0.068 g/L,13.0 mg/L SO2,19.0 mg/L SO2,0.996 g/cm³,pH 3.1,0.87 g/L,11.4% vol,Score: 6
1268,6.9 g/L,0.41 g/L,0.31 g/L,2.0 g/L,0.079 g/L,21.0 mg/L SO2,51.0 mg/L SO2,0.99668 g/cm³,pH 3.47,0.55 g/L,9.5% vol,Score: 6
1269,5.5 g/L,0.49 g/L,0.03 g/L,1.8 g/L,0.044 g/L,28.0 mg/L SO2,87.0 mg/L SO2,0.9908 g/cm³,pH 3.5,0.82 g/L,14.0% vol,Score: 8
1270,5.0 g/L,0.38 g/L,0.01 g/L,1.6 g/L,0.048 g/L,26.0 mg/L SO2,60.0 mg/L SO2,0.99084 g/cm³,pH 3.7,0.75 g/L,14.0% vol,Score: 6
1271,7.3 g/L,0.44 g/L,0.2 g/L,1.6 g/L,0.049 g/L,24.0 mg/L SO2,64.0 mg/L SO2,0.9935 g/cm³,pH 3.38,0.57 g/L,11.7% vol,Score: 6
1272,5.9 g/L,0.46 g/L,0.0 g/L,1.9 g/L,0.077 g/L,25.0 mg/L SO2,44.0 mg/L SO2,0.99385 g/cm³,pH 3.5,0.53 g/L,11.2% vol,Score: 5
1273,7.5 g/L,0.58 g/L,0.2 g/L,2.0 g/L,0.073 g/L,34.0 mg/L SO2,44.0 mg/L SO2,0.99494 g/cm³,pH 3.1,0.43 g/L,9.3% vol,Score: 5
1274,7.8 g/L,0.58 g/L,0.13 g/L,2.1 g/L,0.102 g/L,17.0 mg/L SO2,36.0 mg/L SO2,0.9944 g/cm³,pH 3.24,0.53 g/L,11.2% vol,Score: 6
1275,8.0 g/L,0.715 g/L,0.22 g/L,2.3 g/L,0.075 g/L,13.0 mg/L SO2,81.0 mg/L SO2,0.99688 g/cm³,pH 3.24,0.54 g/L,9.5% vol,Score: 6
1276,8.5 g/L,0.4 g/L,0.4 g/L,6.3 g/L,0.05 g/L,3.0 mg/L SO2,10.0 mg/L SO2,0.99566 g/cm³,pH 3.28,0.56 g/L,12.0% vol,Score: 4
1277,7.0 g/L,0.69 g/L,0.0 g/L,1.9 g/L,0.114 g/L,3.0 mg/L SO2,10.0 mg/L SO2,0.99636 g/cm³,pH 3.35,0.6 g/L,9.7% vol,Score: 6
1278,8.0 g/L,0.715 g/L,0.22 g/L,2.3 g/L,0.075 g/L,13.0 mg/L SO2,81.0 mg/L SO2,0.99688 g/cm³,pH 3.24,0.54 g/L,9.5% vol,Score: 6
1279,9.8 g/L,0.3 g/L,0.39 g/L,1.7 g/L,0.062 g/L,3.0 mg/L SO2,9.0 mg/L SO2,0.9948 g/cm³,pH 3.14,0.57 g/L,11.5% vol,Score: 7
1280,7.1 g/L,0.46 g/L,0.2 g/L,1.9 g/L,0.077 g/L,28.0 mg/L SO2,54.0 mg/L SO2,0.9956 g/cm³,pH 3.37,0.64 g/L,10.4% vol,Score: 6
1281,7.1 g/L,0.46 g/L,0.2 g/L,1.9 g/L,0.077 g/L,28.0 mg/L SO2,54.0 mg/L SO2,0.9956 g/cm³,pH 3.37,0.64 g/L,10.4% vol,Score: 6
1282,7.9 g/L,0.765 g/L,0.0 g/L,2.0 g/L,0.084 g/L,9.0 mg/L SO2,22.0 mg/L SO2,0.99619 g/cm³,pH 3.33,0.68 g/L,10.9% vol,Score: 6
1283,8.7 g/L,0.63 g/L,0.28 g/L,2.7 g/L,0.096 g/L,17.0 mg/L SO2,69.0 mg/L SO2,0.99734 g/cm³,pH 3.26,0.63 g/L,10.2% vol,Score: 6
1284,7.0 g/L,0.42 g/L,0.19 g/L,2.3 g/L,0.071 g/L,18.0 mg/L SO2,36.0 mg/L SO2,0.99476 g/cm³,pH 3.39,0.56 g/L,10.9% vol,Score: 5
1285,11.3 g/L,0.37 g/L,0.5 g/L,1.8 g/L,0.09 g/L,20.0 mg/L SO2,47.0 mg/L SO2,0.99734 g/cm³,pH 3.15,0.57 g/L,10.5% vol,Score: 5
1286,7.1 g/L,0.16 g/L,0.44 g/L,2.5 g/L,0.068 g/L,17.0 mg/L SO2,31.0 mg/L SO2,0.99328 g/cm³,pH 3.35,0.54 g/L,12.4% vol,Score: 6
1287,8.0 g/L,0.6 g/L,0.08 g/L,2.6 g/L,0.056 g/L,3.0 mg/L SO2,7.0 mg/L SO2,0.99286 g/cm³,pH 3.22,0.37 g/L,13.0% vol,Score: 5
1288,7.0 g/L,0.6 g/L,0.3 g/L,4.5 g/L,0.068 g/L,20.0 mg/L SO2,110.0 mg/L SO2,0.99914 g/cm³,pH 3.3,1.17 g/L,10.2% vol,Score: 5
1289,7.0 g/L,0.6 g/L,0.3 g/L,4.5 g/L,0.068 g/L,20.0 mg/L SO2,110.0 mg/L SO2,0.99914 g/cm³,pH 3.3,1.17 g/L,10.2% vol,Score: 5
1290,7.6 g/L,0.74 g/L,0.0 g/L,1.9 g/L,0.1 g/L,6.0 mg/L SO2,12.0 mg/L SO2,0.99521 g/cm³,pH 3.36,0.59 g/L,11.0% vol,Score: 5
1291,8.2 g/L,0.635 g/L,0.1 g/L,2.1 g/L,0.073 g/L,25.0 mg/L SO2,60.0 mg/L SO2,0.99638 g/cm³,pH 3.29,0.75 g/L,10.9% vol,Score: 6
1292,5.9 g/L,0.395 g/L,0.13 g/L,2.4 g/L,0.056 g/L,14.0 mg/L SO2,28.0 mg/L SO2,0.99362 g/cm³,pH 3.62,0.67 g/L,12.4% vol,Score: 6
1293,7.5 g/L,0.755 g/L,0.0 g/L,1.9 g/L,0.084 g/L,6.0 mg/L SO2,12.0 mg/L SO2,0.99672 g/cm³,pH 3.34,0.49 g/L,9.7% vol,Score: 4
1294,8.2 g/L,0.635 g/L,0.1 g/L,2.1 g/L,0.073 g/L,25.0 mg/L SO2,60.0 mg/L SO2,0.99638 g/cm³,pH 3.29,0.75 g/L,10.9% vol,Score: 6
1295,6.6 g/L,0.63 g/L,0.0 g/L,4.3 g/L,0.093 g/L,51.0 mg/L SO2,77.5 mg/L SO2,0.99558 g/cm³,pH 3.2,0.45 g/L,9.5% vol,Score: 5
1296,6.6 g/L,0.63 g/L,0.0 g/L,4.3 g/L,0.093 g/L,51.0 mg/L SO2,77.5 mg/L SO2,0.99558 g/cm³,pH 3.2,0.45 g/L,9.5% vol,Score: 5
1297,7.2 g/L,0.53 g/L,0.14 g/L,2.1 g/L,0.064 g/L,15.0 mg/L SO2,29.0 mg/L SO2,0.99323 g/cm³,pH 3.35,0.61 g/L,12.1% vol,Score: 6
1298,5.7 g/L,0.6 g/L,0.0 g/L,1.4 g/L,0.063 g/L,11.0 mg/L SO2,18.0 mg/L SO2,0.99191 g/cm³,pH 3.45,0.56 g/L,12.2% vol,Score: 6
1299,7.6 g/L,1.58 g/L,0.0 g/L,2.1 g/L,0.137 g/L,5.0 mg/L SO2,9.0 mg/L SO2,0.99476 g/cm³,pH 3.5,0.4 g/L,10.9% vol,Score: 3
1300,5.2 g/L,0.645 g/L,0.0 g/L,2.15 g/L,0.08 g/L,15.0 mg/L SO2,28.0 mg/L SO2,0.99444 g/cm³,pH 3.78,0.61 g/L,12.5% vol,Score: 6
1301,6.7 g/L,0.86 g/L,0.07 g/L,2.0 g/L,0.1 g/L,20.0 mg/L SO2,57.0 mg/L SO2,0.99598 g/cm³,pH 3.6,0.74 g/L,11.7% vol,Score: 6
1302,9.1 g/L,0.37 g/L,0.32 g/L,2.1 g/L,0.064 g/L,4.0 mg/L SO2,15.0 mg/L SO2,0.99576 g/cm³,pH 3.3,0.8 g/L,11.2% vol,Score: 6
1303,8.0 g/L,0.28 g/L,0.44 g/L,1.8 g/L,0.081 g/L,28.0 mg/L SO2,68.0 mg/L SO2,0.99501 g/cm³,pH 3.36,0.66 g/L,11.2% vol,Score: 5
1304,7.6 g/L,0.79 g/L,0.21 g/L,2.3 g/L,0.087 g/L,21.0 mg/L SO2,68.0 mg/L SO2,0.9955 g/cm³,pH 3.12,0.44 g/L,9.2% vol,Score: 5
1305,7.5 g/L,0.61 g/L,0.26 g/L,1.9 g/L,0.073 g/L,24.0 mg/L SO2,88.0 mg/L SO2,0.99612 g/cm³,pH 3.3,0.53 g/L,9.8% vol,Score: 5
1306,9.7 g/L,0.69 g/L,0.32 g/L,2.5 g/L,0.088 g/L,22.0 mg/L SO2,91.0 mg/L SO2,0.9979 g/cm³,pH 3.29,0.62 g/L,10.1% vol,Score: 5
1307,6.8 g/L,0.68 g/L,0.09 g/L,3.9 g/L,0.068 g/L,15.0 mg/L SO2,29.0 mg/L SO2,0.99524 g/cm³,pH 3.41,0.52 g/L,11.1% vol,Score: 4
1308,9.7 g/L,0.69 g/L,0.32 g/L,2.5 g/L,0.088 g/L,22.0 mg/L SO2,91.0 mg/L SO2,0.9979 g/cm³,pH 3.29,0.62 g/L,10.1% vol,Score: 5
1309,7.0 g/L,0.62 g/L,0.1 g/L,1.4 g/L,0.071 g/L,27.0 mg/L SO2,63.0 mg/L SO2,0.996 g/cm³,pH 3.28,0.61 g/L,9.2% vol,Score: 5
1310,7.5 g/L,0.61 g/L,0.26 g/L,1.9 g/L,0.073 g/L,24.0 mg/L SO2,88.0 mg/L SO2,0.99612 g/cm³,pH 3.3,0.53 g/L,9.8% vol,Score: 5
1311,6.5 g/L,0.51 g/L,0.15 g/L,3.0 g/L,0.064 g/L,12.0 mg/L SO2,27.0 mg/L SO2,0.9929 g/cm³,pH 3.33,0.59 g/L,12.8% vol,Score: 6
1312,8.0 g/L,1.18 g/L,0.21 g/L,1.9 g/L,0.083 g/L,14.0 mg/L SO2,41.0 mg/L SO2,0.99532 g/cm³,pH 3.34,0.47 g/L,10.5% vol,Score: 5
1313,7.0 g/L,0.36 g/L,0.21 g/L,2.3 g/L,0.086 g/L,20.0 mg/L SO2,65.0 mg/L SO2,0.99558 g/cm³,pH 3.4,0.54 g/L,10.1% vol,Score: 6
1314,7.0 g/L,0.36 g/L,0.21 g/L,2.4 g/L,0.086 g/L,24.0 mg/L SO2,69.0 mg/L SO2,0.99556 g/cm³,pH 3.4,0.53 g/L,10.1% vol,Score: 6
1315,7.5 g/L,0.63 g/L,0.27 g/L,2.0 g/L,0.083 g/L,17.0 mg/L SO2,91.0 mg/L SO2,0.99616 g/cm³,pH 3.26,0.58 g/L,9.8% vol,Score: 6
1316,5.4 g/L,0.74 g/L,0.0 g/L,1.2 g/L,0.041 g/L,16.0 mg/L SO2,46.0 mg/L SO2,0.99258 g/cm³,pH 4.01,0.59 g/L,12.5% vol,Score: 6
1317,9.9 g/L,0.44 g/L,0.46 g/L,2.2 g/L,0.091 g/L,10.0 mg/L SO2,41.0 mg/L SO2,0.99638 g/cm³,pH 3.18,0.69 g/L,11.9% vol,Score: 6
1318,7.5 g/L,0.63 g/L,0.27 g/L,2.0 g/L,0.083 g/L,17.0 mg/L SO2,91.0 mg/L SO2,0.99616 g/cm³,pH 3.26,0.58 g/L,9.8% vol,Score: 6
1319,9.1 g/L,0.76 g/L,0.68 g/L,1.7 g/L,0.414 g/L,18.0 mg/L SO2,64.0 mg/L SO2,0.99652 g/cm³,pH 2.9,1.33 g/L,9.1% vol,Score: 6
1320,9.7 g/L,0.66 g/L,0.34 g/L,2.6 g/L,0.094 g/L,12.0 mg/L SO2,88.0 mg/L SO2,0.99796 g/cm³,pH 3.26,0.66 g/L,10.1% vol,Score: 5
1321,5.0 g/L,0.74 g/L,0.0 g/L,1.2 g/L,0.041 g/L,16.0 mg/L SO2,46.0 mg/L SO2,0.99258 g/cm³,pH 4.01,0.59 g/L,12.5% vol,Score: 6
1322,9.1 g/L,0.34 g/L,0.42 g/L,1.8 g/L,0.058 g/L,9.0 mg/L SO2,18.0 mg/L SO2,0.99392 g/cm³,pH 3.18,0.55 g/L,11.4% vol,Score: 5
1323,9.1 g/L,0.36 g/L,0.39 g/L,1.8 g/L,0.06 g/L,21.0 mg/L SO2,55.0 mg/L SO2,0.99495 g/cm³,pH 3.18,0.82 g/L,11.0% vol,Score: 7
1324,6.7 g/L,0.46 g/L,0.24 g/L,1.7 g/L,0.077 g/L,18.0 mg/L SO2,34.0 mg/L SO2,0.9948 g/cm³,pH 3.39,0.6 g/L,10.6% vol,Score: 6
1325,6.7 g/L,0.46 g/L,0.24 g/L,1.7 g/L,0.077 g/L,18.0 mg/L SO2,34.0 mg/L SO2,0.9948 g/cm³,pH 3.39,0.6 g/L,10.6% vol,Score: 6
1326,6.7 g/L,0.46 g/L,0.24 g/L,1.7 g/L,0.077 g/L,18.0 mg/L SO2,34.0 mg/L SO2,0.9948 g/cm³,pH 3.39,0.6 g/L,10.6% vol,Score: 6
1327,6.7 g/L,0.46 g/L,0.24 g/L,1.7 g/L,0.077 g/L,18.0 mg/L SO2,34.0 mg/L SO2,0.9948 g/cm³,pH 3.39,0.6 g/L,10.6% vol,Score: 6
1328,6.5 g/L,0.52 g/L,0.11 g/L,1.8 g/L,0.073 g/L,13.0 mg/L SO2,38.0 mg/L SO2,0.9955 g/cm³,pH 3.34,0.52 g/L,9.3% vol,Score: 5
1329,7.4 g/L,0.6 g/L,0.26 g/L,2.1 g/L,0.083 g/L,17.0 mg/L SO2,91.0 mg/L SO2,0.99616 g/cm³,pH 3.29,0.56 g/L,9.8% vol,Score: 6
1330,7.4 g/L,0.6 g/L,0.26 g/L,2.1 g/L,0.083 g/L,17.0 mg/L SO2,91.0 mg/L SO2,0.99616 g/cm³,pH 3.29,0.56 g/L,9.8% vol,Score: 6
1331,7.8 g/L,0.87 g/L,0.26 g/L,3.8 g/L,0.107 g/L,31.0 mg/L SO2,67.0 mg/L SO2,0.99668 g/cm³,pH 3.26,0.46 g/L,9.2% vol,Score: 5
1332,8.4 g/L,0.39 g/L,0.1 g/L,1.7 g/L,0.075 g/L,6.0 mg/L SO2,25.0 mg/L SO2,0.99581 g/cm³,pH 3.09,0.43 g/L,9.7% vol,Score: 6
1333,9.1 g/L,0.775 g/L,0.22 g/L,2.2 g/L,0.079 g/L,12.0 mg/L SO2,48.0 mg/L SO2,0.9976 g/cm³,pH 3.18,0.51 g/L,9.6% vol,Score: 5
1334,7.2 g/L,0.835 g/L,0.0 g/L,2.0 g/L,0.166 g/L,4.0 mg/L SO2,11.0 mg/L SO2,0.99608 g/cm³,pH 3.39,0.52 g/L,10.0% vol,Score: 5
1335,6.6 g/L,0.58 g/L,0.02 g/L,2.4 g/L,0.069 g/L,19.0 mg/L SO2,40.0 mg/L SO2,0.99387 g/cm³,pH 3.38,0.66 g/L,12.6% vol,Score: 6
1336,6.0 g/L,0.5 g/L,0.0 g/L,1.4 g/L,0.057 g/L,15.0 mg/L SO2,26.0 mg/L SO2,0.99448 g/cm³,pH 3.36,0.45 g/L,9.5% vol,Score: 5
1337,6.0 g/L,0.5 g/L,0.0 g/L,1.4 g/L,0.057 g/L,15.0 mg/L SO2,26.0 mg/L SO2,0.99448 g/cm³,pH 3.36,0.45 g/L,9.5% vol,Score: 5
1338,6.0 g/L,0.5 g/L,0.0 g/L,1.4 g/L,0.057 g/L,15.0 mg/L SO2,26.0 mg/L SO2,0.99448 g/cm³,pH 3.36,0.45 g/L,9.5% vol,Score: 5
1339,7.5 g/L,0.51 g/L,0.02 g/L,1.7 g/L,0.084 g/L,13.0 mg/L SO2,31.0 mg/L SO2,0.99538 g/cm³,pH 3.36,0.54 g/L,10.5% vol,Score: 6
1340,7.5 g/L,0.51 g/L,0.02 g/L,1.7 g/L,0.084 g/L,13.0 mg/L SO2,31.0 mg/L SO2,0.99538 g/cm³,pH 3.36,0.54 g/L,10.5% vol,Score: 6
1341,7.5 g/L,0.51 g/L,0.02 g/L,1.7 g/L,0.084 g/L,13.0 mg/L SO2,31.0 mg/L SO2,0.99538 g/cm³,pH 3.36,0.54 g/L,10.5% vol,Score: 6
1342,7.6 g/L,0.54 g/L,0.02 g/L,1.7 g/L,0.085 g/L,17.0 mg/L SO2,31.0 mg/L SO2,0.99589 g/cm³,pH 3.37,0.51 g/L,10.4% vol,Score: 6
1343,7.5 g/L,0.51 g/L,0.02 g/L,1.7 g/L,0.084 g/L,13.0 mg/L SO2,31.0 mg/L SO2,0.99538 g/cm³,pH 3.36,0.54 g/L,10.5% vol,Score: 6
1344,11.5 g/L,0.42 g/L,0.48 g/L,2.6 g/L,0.077 g/L,8.0 mg/L SO2,20.0 mg/L SO2,0.99852 g/cm³,pH 3.09,0.53 g/L,11.0% vol,Score: 5
1345,8.2 g/L,0.44 g/L,0.24 g/L,2.3 g/L,0.063 g/L,10.0 mg/L SO2,28.0 mg/L SO2,0.99613 g/cm³,pH 3.25,0.53 g/L,10.2% vol,Score: 6
1346,6.1 g/L,0.59 g/L,0.01 g/L,2.1 g/L,0.056 g/L,5.0 mg/L SO2,13.0 mg/L SO2,0.99472 g/cm³,pH 3.52,0.56 g/L,11.4% vol,Score: 5
1347,7.2 g/L,0.655 g/L,0.03 g/L,1.8 g/L,0.078 g/L,7.0 mg/L SO2,12.0 mg/L SO2,0.99587 g/cm³,pH 3.34,0.39 g/L,9.5% vol,Score: 5
1348,7.2 g/L,0.655 g/L,0.03 g/L,1.8 g/L,0.078 g/L,7.0 mg/L SO2,12.0 mg/L SO2,0.99587 g/cm³,pH 3.34,0.39 g/L,9.5% vol,Score: 5
1349,6.9 g/L,0.57 g/L,0.0 g/L,2.8 g/L,0.081 g/L,21.0 mg/L SO2,41.0 mg/L SO2,0.99518 g/cm³,pH 3.41,0.52 g/L,10.8% vol,Score: 5
1350,9.0 g/L,0.6 g/L,0.29 g/L,2.0 g/L,0.069 g/L,32.0 mg/L SO2,73.0 mg/L SO2,0.99654 g/cm³,pH 3.34,0.57 g/L,10.0% vol,Score: 5
1351,7.2 g/L,0.62 g/L,0.01 g/L,2.3 g/L,0.065 g/L,8.0 mg/L SO2,46.0 mg/L SO2,0.99332 g/cm³,pH 3.32,0.51 g/L,11.8% vol,Score: 6
1352,7.6 g/L,0.645 g/L,0.03 g/L,1.9 g/L,0.086 g/L,14.0 mg/L SO2,57.0 mg/L SO2,0.9969 g/cm³,pH 3.37,0.46 g/L,10.3% vol,Score: 5
1353,7.6 g/L,0.645 g/L,0.03 g/L,1.9 g/L,0.086 g/L,14.0 mg/L SO2,57.0 mg/L SO2,0.9969 g/cm³,pH 3.37,0.46 g/L,10.3% vol,Score: 5
1354,7.2 g/L,0.58 g/L,0.03 g/L,2.3 g/L,0.077 g/L,7.0 mg/L SO2,28.0 mg/L SO2,0.99568 g/cm³,pH 3.35,0.52 g/L,10.0% vol,Score: 5
1355,6.1 g/L,0.32 g/L,0.25 g/L,1.8 g/L,0.086 g/L,5.0 mg/L SO2,32.0 mg/L SO2,0.99464 g/cm³,pH 3.36,0.44 g/L,10.1% vol,Score: 5
1356,6.1 g/L,0.34 g/L,0.25 g/L,1.8 g/L,0.084 g/L,4.0 mg/L SO2,28.0 mg/L SO2,0.99464 g/cm³,pH 3.36,0.44 g/L,10.1% vol,Score: 5
1357,7.3 g/L,0.43 g/L,0.24 g/L,2.5 g/L,0.078 g/L,27.0 mg/L SO2,67.0 mg/L SO2,0.99648 g/cm³,pH 3.6,0.59 g/L,11.1% vol,Score: 6
1358,7.4 g/L,0.64 g/L,0.17 g/L,5.4 g/L,0.168 g/L,52.0 mg/L SO2,98.0 mg/L SO2,0.99736 g/cm³,pH 3.28,0.5 g/L,9.5% vol,Score: 5
1359,11.6 g/L,0.475 g/L,0.4 g/L,1.4 g/L,0.091 g/L,6.0 mg/L SO2,28.0 mg/L SO2,0.99704 g/cm³,pH 3.07,0.65 g/L,10.0333333333333% vol,Score: 6
1360,9.2 g/L,0.54 g/L,0.31 g/L,2.3 g/L,0.112 g/L,11.0 mg/L SO2,38.0 mg/L SO2,0.99699 g/cm³,pH 3.24,0.56 g/L,10.9% vol,Score: 5
1361,8.3 g/L,0.85 g/L,0.14 g/L,2.5 g/L,0.093 g/L,13.0 mg/L SO2,54.0 mg/L SO2,0.99724 g/cm³,pH 3.36,0.54 g/L,10.1% vol,Score: 5
1362,11.6 g/L,0.475 g/L,0.4 g/L,1.4 g/L,0.091 g/L,6.0 mg/L SO2,28.0 mg/L SO2,0.99704 g/cm³,pH 3.07,0.65 g/L,10.0333333333333% vol,Score: 6
1363,8.0 g/L,0.83 g/L,0.27 g/L,2.0 g/L,0.08 g/L,11.0 mg/L SO2,63.0 mg/L SO2,0.99652 g/cm³,pH 3.29,0.48 g/L,9.8% vol,Score: 4
1364,7.2 g/L,0.605 g/L,0.02 g/L,1.9 g/L,0.096 g/L,10.0 mg/L SO2,31.0 mg/L SO2,0.995 g/cm³,pH 3.46,0.53 g/L,11.8% vol,Score: 6
1365,7.8 g/L,0.5 g/L,0.09 g/L,2.2 g/L,0.115 g/L,10.0 mg/L SO2,42.0 mg/L SO2,0.9971 g/cm³,pH 3.18,0.62 g/L,9.5% vol,Score: 5
1366,7.3 g/L,0.74 g/L,0.08 g/L,1.7 g/L,0.094 g/L,10.0 mg/L SO2,45.0 mg/L SO2,0.99576 g/cm³,pH 3.24,0.5 g/L,9.8% vol,Score: 5
1367,6.9 g/L,0.54 g/L,0.3 g/L,2.2 g/L,0.088 g/L,9.0 mg/L SO2,105.0 mg/L SO2,0.99725 g/cm³,pH 3.25,1.18 g/L,10.5% vol,Score: 6
1368,8.0 g/L,0.77 g/L,0.32 g/L,2.1 g/L,0.079 g/L,16.0 mg/L SO2,74.0 mg/L SO2,0.99656 g/cm³,pH 3.27,0.5 g/L,9.8% vol,Score: 6
1369,6.6 g/L,0.61 g/L,0.0 g/L,1.6 g/L,0.069 g/L,4.0 mg/L SO2,8.0 mg/L SO2,0.99396 g/cm³,pH 3.33,0.37 g/L,10.4% vol,Score: 4
1370,8.7 g/L,0.78 g/L,0.51 g/L,1.7 g/L,0.415 g/L,12.0 mg/L SO2,66.0 mg/L SO2,0.99623 g/cm³,pH 3.0,1.17 g/L,9.2% vol,Score: 5
1371,7.5 g/L,0.58 g/L,0.56 g/L,3.1 g/L,0.153 g/L,5.0 mg/L SO2,14.0 mg/L SO2,0.99476 g/cm³,pH 3.21,1.03 g/L,11.6% vol,Score: 6
1372,8.7 g/L,0.78 g/L,0.51 g/L,1.7 g/L,0.415 g/L,12.0 mg/L SO2,66.0 mg/L SO2,0.99623 g/cm³,pH 3.0,1.17 g/L,9.2% vol,Score: 5
1373,7.7 g/L,0.75 g/L,0.27 g/L,3.8 g/L,0.11 g/L,34.0 mg/L SO2,89.0 mg/L SO2,0.99664 g/cm³,pH 3.24,0.45 g/L,9.3% vol,Score: 5
1374,6.8 g/L,0.815 g/L,0.0 g/L,1.2 g/L,0.267 g/L,16.0 mg/L SO2,29.0 mg/L SO2,0.99471 g/cm³,pH 3.32,0.51 g/L,9.8% vol,Score: 3
1375,7.2 g/L,0.56 g/L,0.26 g/L,2.0 g/L,0.083 g/L,13.0 mg/L SO2,100.0 mg/L SO2,0.99586 g/cm³,pH 3.26,0.52 g/L,9.9% vol,Score: 5
1376,8.2 g/L,0.885 g/L,0.2 g/L,1.4 g/L,0.086 g/L,7.0 mg/L SO2,31.0 mg/L SO2,0.9946 g/cm³,pH 3.11,0.46 g/L,10.0% vol,Score: 5
1377,5.2 g/L,0.49 g/L,0.26 g/L,2.3 g/L,0.09 g/L,23.0 mg/L SO2,74.0 mg/L SO2,0.9953 g/cm³,pH 3.71,0.62 g/L,12.2% vol,Score: 6
1378,7.2 g/L,0.45 g/L,0.15 g/L,2.0 g/L,0.078 g/L,10.0 mg/L SO2,28.0 mg/L SO2,0.99609 g/cm³,pH 3.29,0.51 g/L,9.9% vol,Score: 6
1379,7.5 g/L,0.57 g/L,0.02 g/L,2.6 g/L,0.077 g/L,11.0 mg/L SO2,35.0 mg/L SO2,0.99557 g/cm³,pH 3.36,0.62 g/L,10.8% vol,Score: 6
1380,7.5 g/L,0.57 g/L,0.02 g/L,2.6 g/L,0.077 g/L,11.0 mg/L SO2,35.0 mg/L SO2,0.99557 g/cm³,pH 3.36,0.62 g/L,10.8% vol,Score: 6
1381,6.8 g/L,0.83 g/L,0.09 g/L,1.8 g/L,0.074 g/L,4.0 mg/L SO2,25.0 mg/L SO2,0.99534 g/cm³,pH 3.38,0.45 g/L,9.6% vol,Score: 5
1382,8.0 g/L,0.6 g/L,0.22 g/L,2.1 g/L,0.08 g/L,25.0 mg/L SO2,105.0 mg/L SO2,0.99613 g/cm³,pH 3.3,0.49 g/L,9.9% vol,Score: 5
1383,8.0 g/L,0.6 g/L,0.22 g/L,2.1 g/L,0.08 g/L,25.0 mg/L SO2,105.0 mg/L SO2,0.99613 g/cm³,pH 3.3,0.49 g/L,9.9% vol,Score: 5
1384,7.1 g/L,0.755 g/L,0.15 g/L,1.8 g/L,0.107 g/L,20.0 mg/L SO2,84.0 mg/L SO2,0.99593 g/cm³,pH 3.19,0.5 g/L,9.5% vol,Score: 5
1385,8.0 g/L,0.81 g/L,0.25 g/L,3.4 g/L,0.076 g/L,34.0 mg/L SO2,85.0 mg/L SO2,0.99668 g/cm³,pH 3.19,0.42 g/L,9.2% vol,Score: 5
1386,7.4 g/L,0.64 g/L,0.07 g/L,1.8 g/L,0.1 g/L,8.0 mg/L SO2,23.0 mg/L SO2,0.9961 g/cm³,pH 3.3,0.58 g/L,9.6% vol,Score: 5
1387,7.4 g/L,0.64 g/L,0.07 g/L,1.8 g/L,0.1 g/L,8.0 mg/L SO2,23.0 mg/L SO2,0.9961 g/cm³,pH 3.3,0.58 g/L,9.6% vol,Score: 5
1388,6.6 g/L,0.64 g/L,0.31 g/L,6.1 g/L,0.083 g/L,7.0 mg/L SO2,49.0 mg/L SO2,0.99718 g/cm³,pH 3.35,0.68 g/L,10.3% vol,Score: 5
1389,6.7 g/L,0.48 g/L,0.02 g/L,2.2 g/L,0.08 g/L,36.0 mg/L SO2,111.0 mg/L SO2,0.99524 g/cm³,pH 3.1,0.53 g/L,9.7% vol,Score: 5
1390,6.0 g/L,0.49 g/L,0.0 g/L,2.3 g/L,0.068 g/L,15.0 mg/L SO2,33.0 mg/L SO2,0.99292 g/cm³,pH 3.58,0.59 g/L,12.5% vol,Score: 6
1391,8.0 g/L,0.64 g/L,0.22 g/L,2.4 g/L,0.094 g/L,5.0 mg/L SO2,33.0 mg/L SO2,0.99612 g/cm³,pH 3.37,0.58 g/L,11.0% vol,Score: 5
1392,7.1 g/L,0.62 g/L,0.06 g/L,1.3 g/L,0.07 g/L,5.0 mg/L SO2,12.0 mg/L SO2,0.9942 g/cm³,pH 3.17,0.48 g/L,9.8% vol,Score: 5
1393,8.0 g/L,0.52 g/L,0.25 g/L,2.0 g/L,0.078 g/L,19.0 mg/L SO2,59.0 mg/L SO2,0.99612 g/cm³,pH 3.3,0.48 g/L,10.2% vol,Score: 5
1394,6.4 g/L,0.57 g/L,0.14 g/L,3.9 g/L,0.07 g/L,27.0 mg/L SO2,73.0 mg/L SO2,0.99669 g/cm³,pH 3.32,0.48 g/L,9.2% vol,Score: 5
1395,8.6 g/L,0.685 g/L,0.1 g/L,1.6 g/L,0.092 g/L,3.0 mg/L SO2,12.0 mg/L SO2,0.99745 g/cm³,pH 3.31,0.65 g/L,9.55% vol,Score: 6
1396,8.7 g/L,0.675 g/L,0.1 g/L,1.6 g/L,0.09 g/L,4.0 mg/L SO2,11.0 mg/L SO2,0.99745 g/cm³,pH 3.31,0.65 g/L,9.55% vol,Score: 5
1397,7.3 g/L,0.59 g/L,0.26 g/L,2.0 g/L,0.08 g/L,17.0 mg/L SO2,104.0 mg/L SO2,0.99584 g/cm³,pH 3.28,0.52 g/L,9.9% vol,Score: 5
1398,7.0 g/L,0.6 g/L,0.12 g/L,2.2 g/L,0.083 g/L,13.0 mg/L SO2,28.0 mg/L SO2,0.9966 g/cm³,pH 3.52,0.62 g/L,10.2% vol,Score: 7
1399,7.2 g/L,0.67 g/L,0.0 g/L,2.2 g/L,0.068 g/L,10.0 mg/L SO2,24.0 mg/L SO2,0.9956 g/cm³,pH 3.42,0.72 g/L,11.1% vol,Score: 6
1400,7.9 g/L,0.69 g/L,0.21 g/L,2.1 g/L,0.08 g/L,33.0 mg/L SO2,141.0 mg/L SO2,0.9962 g/cm³,pH 3.25,0.51 g/L,9.9% vol,Score: 5
1401,7.9 g/L,0.69 g/L,0.21 g/L,2.1 g/L,0.08 g/L,33.0 mg/L SO2,141.0 mg/L SO2,0.9962 g/cm³,pH 3.25,0.51 g/L,9.9% vol,Score: 5
1402,7.6 g/L,0.3 g/L,0.42 g/L,2.0 g/L,0.052 g/L,6.0 mg/L SO2,24.0 mg/L SO2,0.9963 g/cm³,pH 3.44,0.82 g/L,11.9% vol,Score: 6
1403,7.2 g/L,0.33 g/L,0.33 g/L,1.7 g/L,0.061 g/L,3.0 mg/L SO2,13.0 mg/L SO2,0.996 g/cm³,pH 3.23,1.1 g/L,10.0% vol,Score: 8
1404,8.0 g/L,0.5 g/L,0.39 g/L,2.6 g/L,0.082 g/L,12.0 mg/L SO2,46.0 mg/L SO2,0.9985 g/cm³,pH 3.43,0.62 g/L,10.7% vol,Score: 6
1405,7.7 g/L,0.28 g/L,0.3 g/L,2.0 g/L,0.062 g/L,18.0 mg/L SO2,34.0 mg/L SO2,0.9952 g/cm³,pH 3.28,0.9 g/L,11.3% vol,Score: 7
1406,8.2 g/L,0.24 g/L,0.34 g/L,5.1 g/L,0.062 g/L,8.0 mg/L SO2,22.0 mg/L SO2,0.9974 g/cm³,pH 3.22,0.94 g/L,10.9% vol,Score: 6
1407,6.0 g/L,0.51 g/L,0.0 g/L,2.1 g/L,0.064 g/L,40.0 mg/L SO2,54.0 mg/L SO2,0.995 g/cm³,pH 3.54,0.93 g/L,10.7% vol,Score: 6
1408,8.1 g/L,0.29 g/L,0.36 g/L,2.2 g/L,0.048 g/L,35.0 mg/L SO2,53.0 mg/L SO2,0.995 g/cm³,pH 3.27,1.01 g/L,12.4% vol,Score: 7
1409,6.0 g/L,0.51 g/L,0.0 g/L,2.1 g/L,0.064 g/L,40.0 mg/L SO2,54.0 mg/L SO2,0.995 g/cm³,pH 3.54,0.93 g/L,10.7% vol,Score: 6
1410,6.6 g/L,0.96 g/L,0.0 g/L,1.8 g/L,0.082 g/L,5.0 mg/L SO2,16.0 mg/L SO2,0.9936 g/cm³,pH 3.5,0.44 g/L,11.9% vol,Score: 6
1411,6.4 g/L,0.47 g/L,0.4 g/L,2.4 g/L,0.071 g/L,8.0 mg/L SO2,19.0 mg/L SO2,0.9963 g/cm³,pH 3.56,0.73 g/L,10.6% vol,Score: 6
1412,8.2 g/L,0.24 g/L,0.34 g/L,5.1 g/L,0.062 g/L,8.0 mg/L SO2,22.0 mg/L SO2,0.9974 g/cm³,pH 3.22,0.94 g/L,10.9% vol,Score: 6
1413,9.9 g/L,0.57 g/L,0.25 g/L,2.0 g/L,0.104 g/L,12.0 mg/L SO2,89.0 mg/L SO2,0.9963 g/cm³,pH 3.04,0.9 g/L,10.1% vol,Score: 5
1414,10.0 g/L,0.32 g/L,0.59 g/L,2.2 g/L,0.077 g/L,3.0 mg/L SO2,15.0 mg/L SO2,0.9994 g/cm³,pH 3.2,0.78 g/L,9.6% vol,Score: 5
1415,6.2 g/L,0.58 g/L,0.0 g/L,1.6 g/L,0.065 g/L,8.0 mg/L SO2,18.0 mg/L SO2,0.9966 g/cm³,pH 3.56,0.84 g/L,9.4% vol,Score: 5
1416,10.0 g/L,0.32 g/L,0.59 g/L,2.2 g/L,0.077 g/L,3.0 mg/L SO2,15.0 mg/L SO2,0.9994 g/cm³,pH 3.2,0.78 g/L,9.6% vol,Score: 5
1417,7.3 g/L,0.34 g/L,0.33 g/L,2.5 g/L,0.064 g/L,21.0 mg/L SO2,37.0 mg/L SO2,0.9952 g/cm³,pH 3.35,0.77 g/L,12.1% vol,Score: 7
1418,7.8 g/L,0.53 g/L,0.01 g/L,1.6 g/L,0.077 g/L,3.0 mg/L SO2,19.0 mg/L SO2,0.995 g/cm³,pH 3.16,0.46 g/L,9.8% vol,Score: 5
1419,7.7 g/L,0.64 g/L,0.21 g/L,2.2 g/L,0.077 g/L,32.0 mg/L SO2,133.0 mg/L SO2,0.9956 g/cm³,pH 3.27,0.45 g/L,9.9% vol,Score: 5
1420,7.8 g/L,0.53 g/L,0.01 g/L,1.6 g/L,0.077 g/L,3.0 mg/L SO2,19.0 mg/L SO2,0.995 g/cm³,pH 3.16,0.46 g/L,9.8% vol,Score: 5
1421,7.5 g/L,0.4 g/L,0.18 g/L,1.6 g/L,0.079 g/L,24.0 mg/L SO2,58.0 mg/L SO2,0.9965 g/cm³,pH 3.34,0.58 g/L,9.4% vol,Score: 5
1422,7.0 g/L,0.54 g/L,0.0 g/L,2.1 g/L,0.079 g/L,39.0 mg/L SO2,55.0 mg/L SO2,0.9956 g/cm³,pH 3.39,0.84 g/L,11.4% vol,Score: 6
1423,6.4 g/L,0.53 g/L,0.09 g/L,3.9 g/L,0.123 g/L,14.0 mg/L SO2,31.0 mg/L SO2,0.9968 g/cm³,pH 3.5,0.67 g/L,11.0% vol,Score: 4
1424,8.3 g/L,0.26 g/L,0.37 g/L,1.4 g/L,0.076 g/L,8.0 mg/L SO2,23.0 mg/L SO2,0.9974 g/cm³,pH 3.26,0.7 g/L,9.6% vol,Score: 6
1425,8.3 g/L,0.26 g/L,0.37 g/L,1.4 g/L,0.076 g/L,8.0 mg/L SO2,23.0 mg/L SO2,0.9974 g/cm³,pH 3.26,0.7 g/L,9.6% vol,Score: 6
1426,7.7 g/L,0.23 g/L,0.37 g/L,1.8 g/L,0.046 g/L,23.0 mg/L SO2,60.0 mg/L SO2,0.9971 g/cm³,pH 3.41,0.71 g/L,12.1% vol,Score: 6
1427,7.6 g/L,0.41 g/L,0.33 g/L,2.5 g/L,0.078 g/L,6.0 mg/L SO2,23.0 mg/L SO2,0.9957 g/cm³,pH 3.3,0.58 g/L,11.2% vol,Score: 5
1428,7.8 g/L,0.64 g/L,0.0 g/L,1.9 g/L,0.072 g/L,27.0 mg/L SO2,55.0 mg/L SO2,0.9962 g/cm³,pH 3.31,0.63 g/L,11.0% vol,Score: 5
1429,7.9 g/L,0.18 g/L,0.4 g/L,2.2 g/L,0.049 g/L,38.0 mg/L SO2,67.0 mg/L SO2,0.996 g/cm³,pH 3.33,0.93 g/L,11.3% vol,Score: 5
1430,7.4 g/L,0.41 g/L,0.24 g/L,1.8 g/L,0.066 g/L,18.0 mg/L SO2,47.0 mg/L SO2,0.9956 g/cm³,pH 3.37,0.62 g/L,10.4% vol,Score: 5
1431,7.6 g/L,0.43 g/L,0.31 g/L,2.1 g/L,0.069 g/L,13.0 mg/L SO2,74.0 mg/L SO2,0.9958 g/cm³,pH 3.26,0.54 g/L,9.9% vol,Score: 6
1432,5.9 g/L,0.44 g/L,0.0 g/L,1.6 g/L,0.042 g/L,3.0 mg/L SO2,11.0 mg/L SO2,0.9944 g/cm³,pH 3.48,0.85 g/L,11.7% vol,Score: 6
1433,6.1 g/L,0.4 g/L,0.16 g/L,1.8 g/L,0.069 g/L,11.0 mg/L SO2,25.0 mg/L SO2,0.9955 g/cm³,pH 3.42,0.74 g/L,10.1% vol,Score: 7
1434,10.2 g/L,0.54 g/L,0.37 g/L,15.4 g/L,0.214 g/L,55.0 mg/L SO2,95.0 mg/L SO2,1.00369 g/cm³,pH 3.18,0.77 g/L,9.0% vol,Score: 6
1435,10.2 g/L,0.54 g/L,0.37 g/L,15.4 g/L,0.214 g/L,55.0 mg/L SO2,95.0 mg/L SO2,1.00369 g/cm³,pH 3.18,0.77 g/L,9.0% vol,Score: 6
1436,10.0 g/L,0.38 g/L,0.38 g/L,1.6 g/L,0.169 g/L,27.0 mg/L SO2,90.0 mg/L SO2,0.99914 g/cm³,pH 3.15,0.65 g/L,8.5% vol,Score: 5
1437,6.8 g/L,0.915 g/L,0.29 g/L,4.8 g/L,0.07 g/L,15.0 mg/L SO2,39.0 mg/L SO2,0.99577 g/cm³,pH 3.53,0.54 g/L,11.1% vol,Score: 5
1438,7.0 g/L,0.59 g/L,0.0 g/L,1.7 g/L,0.052 g/L,3.0 mg/L SO2,8.0 mg/L SO2,0.996 g/cm³,pH 3.41,0.47 g/L,10.3% vol,Score: 5
1439,7.3 g/L,0.67 g/L,0.02 g/L,2.2 g/L,0.072 g/L,31.0 mg/L SO2,92.0 mg/L SO2,0.99566 g/cm³,pH 3.32,0.68 g/L,11.0666666666667% vol,Score: 6
1440,7.2 g/L,0.37 g/L,0.32 g/L,2.0 g/L,0.062 g/L,15.0 mg/L SO2,28.0 mg/L SO2,0.9947 g/cm³,pH 3.23,0.73 g/L,11.3% vol,Score: 7
1441,7.4 g/L,0.785 g/L,0.19 g/L,5.2 g/L,0.094 g/L,19.0 mg/L SO2,98.0 mg/L SO2,0.99713 g/cm³,pH 3.16,0.52 g/L,9.56666666666667% vol,Score: 6
1442,6.9 g/L,0.63 g/L,0.02 g/L,1.9 g/L,0.078 g/L,18.0 mg/L SO2,30.0 mg/L SO2,0.99712 g/cm³,pH 3.4,0.75 g/L,9.8% vol,Score: 5
1443,6.9 g/L,0.58 g/L,0.2 g/L,1.75 g/L,0.058 g/L,8.0 mg/L SO2,22.0 mg/L SO2,0.99322 g/cm³,pH 3.38,0.49 g/L,11.7% vol,Score: 5
1444,7.3 g/L,0.67 g/L,0.02 g/L,2.2 g/L,0.072 g/L,31.0 mg/L SO2,92.0 mg/L SO2,0.99566 g/cm³,pH 3.32,0.68 g/L,11.1% vol,Score: 6
1445,7.4 g/L,0.785 g/L,0.19 g/L,5.2 g/L,0.094 g/L,19.0 mg/L SO2,98.0 mg/L SO2,0.99713 g/cm³,pH 3.16,0.52 g/L,9.6% vol,Score: 6
1446,6.9 g/L,0.63 g/L,0.02 g/L,1.9 g/L,0.078 g/L,18.0 mg/L SO2,30.0 mg/L SO2,0.99712 g/cm³,pH 3.4,0.75 g/L,9.8% vol,Score: 5
1447,6.8 g/L,0.67 g/L,0.0 g/L,1.9 g/L,0.08 g/L,22.0 mg/L SO2,39.0 mg/L SO2,0.99701 g/cm³,pH 3.4,0.74 g/L,9.7% vol,Score: 5
1448,6.9 g/L,0.58 g/L,0.01 g/L,1.9 g/L,0.08 g/L,40.0 mg/L SO2,54.0 mg/L SO2,0.99683 g/cm³,pH 3.4,0.73 g/L,9.7% vol,Score: 5
1449,7.2 g/L,0.38 g/L,0.31 g/L,2.0 g/L,0.056 g/L,15.0 mg/L SO2,29.0 mg/L SO2,0.99472 g/cm³,pH 3.23,0.76 g/L,11.3% vol,Score: 8
1450,7.2 g/L,0.37 g/L,0.32 g/L,2.0 g/L,0.062 g/L,15.0 mg/L SO2,28.0 mg/L SO2,0.9947 g/cm³,pH 3.23,0.73 g/L,11.3% vol,Score: 7
1451,7.8 g/L,0.32 g/L,0.44 g/L,2.7 g/L,0.104 g/L,8.0 mg/L SO2,17.0 mg/L SO2,0.99732 g/cm³,pH 3.33,0.78 g/L,11.0% vol,Score: 7
1452,6.6 g/L,0.58 g/L,0.02 g/L,2.0 g/L,0.062 g/L,37.0 mg/L SO2,53.0 mg/L SO2,0.99374 g/cm³,pH 3.35,0.76 g/L,11.6% vol,Score: 7
1453,7.6 g/L,0.49 g/L,0.33 g/L,1.9 g/L,0.074 g/L,27.0 mg/L SO2,85.0 mg/L SO2,0.99706 g/cm³,pH 3.41,0.58 g/L,9.0% vol,Score: 5
1454,11.7 g/L,0.45 g/L,0.63 g/L,2.2 g/L,0.073 g/L,7.0 mg/L SO2,23.0 mg/L SO2,0.99974 g/cm³,pH 3.21,0.69 g/L,10.9% vol,Score: 6
1455,6.5 g/L,0.9 g/L,0.0 g/L,1.6 g/L,0.052 g/L,9.0 mg/L SO2,17.0 mg/L SO2,0.99467 g/cm³,pH 3.5,0.63 g/L,10.9% vol,Score: 6
1456,6.0 g/L,0.54 g/L,0.06 g/L,1.8 g/L,0.05 g/L,38.0 mg/L SO2,89.0 mg/L SO2,0.99236 g/cm³,pH 3.3,0.5 g/L,10.55% vol,Score: 6
1457,7.6 g/L,0.49 g/L,0.33 g/L,1.9 g/L,0.074 g/L,27.0 mg/L SO2,85.0 mg/L SO2,0.99706 g/cm³,pH 3.41,0.58 g/L,9.0% vol,Score: 5
1458,8.4 g/L,0.29 g/L,0.4 g/L,1.7 g/L,0.067 g/L,8.0 mg/L SO2,20.0 mg/L SO2,0.99603 g/cm³,pH 3.39,0.6 g/L,10.5% vol,Score: 5
1459,7.9 g/L,0.2 g/L,0.35 g/L,1.7 g/L,0.054 g/L,7.0 mg/L SO2,15.0 mg/L SO2,0.99458 g/cm³,pH 3.32,0.8 g/L,11.9% vol,Score: 7
1460,6.4 g/L,0.42 g/L,0.09 g/L,2.3 g/L,0.054 g/L,34.0 mg/L SO2,64.0 mg/L SO2,0.99724 g/cm³,pH 3.41,0.68 g/L,10.4% vol,Score: 6
1461,6.2 g/L,0.785 g/L,0.0 g/L,2.1 g/L,0.06 g/L,6.0 mg/L SO2,13.0 mg/L SO2,0.99664 g/cm³,pH 3.59,0.61 g/L,10.0% vol,Score: 4
1462,6.8 g/L,0.64 g/L,0.03 g/L,2.3 g/L,0.075 g/L,14.0 mg/L SO2,31.0 mg/L SO2,0.99545 g/cm³,pH 3.36,0.58 g/L,10.4% vol,Score: 6
1463,6.9 g/L,0.63 g/L,0.01 g/L,2.4 g/L,0.076 g/L,14.0 mg/L SO2,39.0 mg/L SO2,0.99522 g/cm³,pH 3.34,0.53 g/L,10.8% vol,Score: 6
1464,6.8 g/L,0.59 g/L,0.1 g/L,1.7 g/L,0.063 g/L,34.0 mg/L SO2,53.0 mg/L SO2,0.9958 g/cm³,pH 3.41,0.67 g/L,9.7% vol,Score: 5
1465,6.8 g/L,0.59 g/L,0.1 g/L,1.7 g/L,0.063 g/L,34.0 mg/L SO2,53.0 mg/L SO2,0.9958 g/cm³,pH 3.41,0.67 g/L,9.7% vol,Score: 5
1466,7.3 g/L,0.48 g/L,0.32 g/L,2.1 g/L,0.062 g/L,31.0 mg/L SO2,54.0 mg/L SO2,0.99728 g/cm³,pH 3.3,0.65 g/L,10.0% vol,Score: 7
1467,6.7 g/L,1.04 g/L,0.08 g/L,2.3 g/L,0.067 g/L,19.0 mg/L SO2,32.0 mg/L SO2,0.99648 g/cm³,pH 3.52,0.57 g/L,11.0% vol,Score: 4
1468,7.3 g/L,0.48 g/L,0.32 g/L,2.1 g/L,0.062 g/L,31.0 mg/L SO2,54.0 mg/L SO2,0.99728 g/cm³,pH 3.3,0.65 g/L,10.0% vol,Score: 7
1469,7.3 g/L,0.98 g/L,0.05 g/L,2.1 g/L,0.061 g/L,20.0 mg/L SO2,49.0 mg/L SO2,0.99705 g/cm³,pH 3.31,0.55 g/L,9.7% vol,Score: 3
1470,10.0 g/L,0.69 g/L,0.11 g/L,1.4 g/L,0.084 g/L,8.0 mg/L SO2,24.0 mg/L SO2,0.99578 g/cm³,pH 2.88,0.47 g/L,9.7% vol,Score: 5
1471,6.7 g/L,0.7 g/L,0.08 g/L,3.75 g/L,0.067 g/L,8.0 mg/L SO2,16.0 mg/L SO2,0.99334 g/cm³,pH 3.43,0.52 g/L,12.6% vol,Score: 5
1472,7.6 g/L,0.35 g/L,0.6 g/L,2.6 g/L,0.073 g/L,23.0 mg/L SO2,44.0 mg/L SO2,0.99656 g/cm³,pH 3.38,0.79 g/L,11.1% vol,Score: 6
1473,6.1 g/L,0.6 g/L,0.08 g/L,1.8 g/L,0.071 g/L,14.0 mg/L SO2,45.0 mg/L SO2,0.99336 g/cm³,pH 3.38,0.54 g/L,11.0% vol,Score: 5
1474,9.9 g/L,0.5 g/L,0.5 g/L,13.8 g/L,0.205 g/L,48.0 mg/L SO2,82.0 mg/L SO2,1.00242 g/cm³,pH 3.16,0.75 g/L,8.8% vol,Score: 5
1475,5.3 g/L,0.47 g/L,0.11 g/L,2.2 g/L,0.048 g/L,16.0 mg/L SO2,89.0 mg/L SO2,0.99182 g/cm³,pH 3.54,0.88 g/L,13.5666666666667% vol,Score: 7
1476,9.9 g/L,0.5 g/L,0.5 g/L,13.8 g/L,0.205 g/L,48.0 mg/L SO2,82.0 mg/L SO2,1.00242 g/cm³,pH 3.16,0.75 g/L,8.8% vol,Score: 5
1477,5.3 g/L,0.47 g/L,0.11 g/L,2.2 g/L,0.048 g/L,16.0 mg/L SO2,89.0 mg/L SO2,0.99182 g/cm³,pH 3.54,0.88 g/L,13.6% vol,Score: 7
1478,7.1 g/L,0.875 g/L,0.05 g/L,5.7 g/L,0.082 g/L,3.0 mg/L SO2,14.0 mg/L SO2,0.99808 g/cm³,pH 3.4,0.52 g/L,10.2% vol,Score: 3
1479,8.2 g/L,0.28 g/L,0.6 g/L,3.0 g/L,0.104 g/L,10.0 mg/L SO2,22.0 mg/L SO2,0.99828 g/cm³,pH 3.39,0.68 g/L,10.6% vol,Score: 5
1480,5.6 g/L,0.62 g/L,0.03 g/L,1.5 g/L,0.08 g/L,6.0 mg/L SO2,13.0 mg/L SO2,0.99498 g/cm³,pH 3.66,0.62 g/L,10.1% vol,Score: 4
1481,8.2 g/L,0.28 g/L,0.6 g/L,3.0 g/L,0.104 g/L,10.0 mg/L SO2,22.0 mg/L SO2,0.99828 g/cm³,pH 3.39,0.68 g/L,10.6% vol,Score: 5
1482,7.2 g/L,0.58 g/L,0.54 g/L,2.1 g/L,0.114 g/L,3.0 mg/L SO2,9.0 mg/L SO2,0.99719 g/cm³,pH 3.33,0.57 g/L,10.3% vol,Score: 4
1483,8.1 g/L,0.33 g/L,0.44 g/L,1.5 g/L,0.042 g/L,6.0 mg/L SO2,12.0 mg/L SO2,0.99542 g/cm³,pH 3.35,0.61 g/L,10.7% vol,Score: 5
1484,6.8 g/L,0.91 g/L,0.06 g/L,2.0 g/L,0.06 g/L,4.0 mg/L SO2,11.0 mg/L SO2,0.99592 g/cm³,pH 3.53,0.64 g/L,10.9% vol,Score: 4
1485,7.0 g/L,0.655 g/L,0.16 g/L,2.1 g/L,0.074 g/L,8.0 mg/L SO2,25.0 mg/L SO2,0.99606 g/cm³,pH 3.37,0.55 g/L,9.7% vol,Score: 5
1486,6.8 g/L,0.68 g/L,0.21 g/L,2.1 g/L,0.07 g/L,9.0 mg/L SO2,23.0 mg/L SO2,0.99546 g/cm³,pH 3.38,0.6 g/L,10.3% vol,Score: 5
1487,6.0 g/L,0.64 g/L,0.05 g/L,1.9 g/L,0.066 g/L,9.0 mg/L SO2,17.0 mg/L SO2,0.99496 g/cm³,pH 3.52,0.78 g/L,10.6% vol,Score: 5
1488,5.6 g/L,0.54 g/L,0.04 g/L,1.7 g/L,0.049 g/L,5.0 mg/L SO2,13.0 mg/L SO2,0.9942 g/cm³,pH 3.72,0.58 g/L,11.4% vol,Score: 5
1489,6.2 g/L,0.57 g/L,0.1 g/L,2.1 g/L,0.048 g/L,4.0 mg/L SO2,11.0 mg/L SO2,0.99448 g/cm³,pH 3.44,0.76 g/L,10.8% vol,Score: 6
1490,7.1 g/L,0.22 g/L,0.49 g/L,1.8 g/L,0.039 g/L,8.0 mg/L SO2,18.0 mg/L SO2,0.99344 g/cm³,pH 3.39,0.56 g/L,12.4% vol,Score: 6
1491,5.6 g/L,0.54 g/L,0.04 g/L,1.7 g/L,0.049 g/L,5.0 mg/L SO2,13.0 mg/L SO2,0.9942 g/cm³,pH 3.72,0.58 g/L,11.4% vol,Score: 5
1492,6.2 g/L,0.65 g/L,0.06 g/L,1.6 g/L,0.05 g/L,6.0 mg/L SO2,18.0 mg/L SO2,0.99348 g/cm³,pH 3.57,0.54 g/L,11.95% vol,Score: 5
1493,7.7 g/L,0.54 g/L,0.26 g/L,1.9 g/L,0.089 g/L,23.0 mg/L SO2,147.0 mg/L SO2,0.99636 g/cm³,pH 3.26,0.59 g/L,9.7% vol,Score: 5
1494,6.4 g/L,0.31 g/L,0.09 g/L,1.4 g/L,0.066 g/L,15.0 mg/L SO2,28.0 mg/L SO2,0.99459 g/cm³,pH 3.42,0.7 g/L,10.0% vol,Score: 7
1495,7.0 g/L,0.43 g/L,0.02 g/L,1.9 g/L,0.08 g/L,15.0 mg/L SO2,28.0 mg/L SO2,0.99492 g/cm³,pH 3.35,0.81 g/L,10.6% vol,Score: 6
1496,7.7 g/L,0.54 g/L,0.26 g/L,1.9 g/L,0.089 g/L,23.0 mg/L SO2,147.0 mg/L SO2,0.99636 g/cm³,pH 3.26,0.59 g/L,9.7% vol,Score: 5
1497,6.9 g/L,0.74 g/L,0.03 g/L,2.3 g/L,0.054 g/L,7.0 mg/L SO2,16.0 mg/L SO2,0.99508 g/cm³,pH 3.45,0.63 g/L,11.5% vol,Score: 6
1498,6.6 g/L,0.895 g/L,0.04 g/L,2.3 g/L,0.068 g/L,7.0 mg/L SO2,13.0 mg/L SO2,0.99582 g/cm³,pH 3.53,0.58 g/L,10.8% vol,Score: 6
1499,6.9 g/L,0.74 g/L,0.03 g/L,2.3 g/L,0.054 g/L,7.0 mg/L SO2,16.0 mg/L SO2,0.99508 g/cm³,pH 3.45,0.63 g/L,11.5% vol,Score: 6
1500,7.5 g/L,0.725 g/L,0.04 g/L,1.5 g/L,0.076 g/L,8.0 mg/L SO2,15.0 mg/L SO2,0.99508 g/cm³,pH 3.26,0.53 g/L,9.6% vol,Score: 5
1501,7.8 g/L,0.82 g/L,0.29 g/L,4.3 g/L,0.083 g/L,21.0 mg/L SO2,64.0 mg/L SO2,0.99642 g/cm³,pH 3.16,0.53 g/L,9.4% vol,Score: 5
1502,7.3 g/L,0.585 g/L,0.18 g/L,2.4 g/L,0.078 g/L,15.0 mg/L SO2,60.0 mg/L SO2,0.99638 g/cm³,pH 3.31,0.54 g/L,9.8% vol,Score: 5
1503,6.2 g/L,0.44 g/L,0.39 g/L,2.5 g/L,0.077 g/L,6.0 mg/L SO2,14.0 mg/L SO2,0.99555 g/cm³,pH 3.51,0.69 g/L,11.0% vol,Score: 6
1504,7.5 g/L,0.38 g/L,0.57 g/L,2.3 g/L,0.106 g/L,5.0 mg/L SO2,12.0 mg/L SO2,0.99605 g/cm³,pH 3.36,0.55 g/L,11.4% vol,Score: 6
1505,6.7 g/L,0.76 g/L,0.02 g/L,1.8 g/L,0.078 g/L,6.0 mg/L SO2,12.0 mg/L SO2,0.996 g/cm³,pH 3.55,0.63 g/L,9.95% vol,Score: 3
1506,6.8 g/L,0.81 g/L,0.05 g/L,2.0 g/L,0.07 g/L,6.0 mg/L SO2,14.0 mg/L SO2,0.99562 g/cm³,pH 3.51,0.66 g/L,10.8% vol,Score: 6
1507,7.5 g/L,0.38 g/L,0.57 g/L,2.3 g/L,0.106 g/L,5.0 mg/L SO2,12.0 mg/L SO2,0.99605 g/cm³,pH 3.36,0.55 g/L,11.4% vol,Score: 6
1508,7.1 g/L,0.27 g/L,0.6 g/L,2.1 g/L,0.074 g/L,17.0 mg/L SO2,25.0 mg/L SO2,0.99814 g/cm³,pH 3.38,0.72 g/L,10.6% vol,Score: 6
1509,7.9 g/L,0.18 g/L,0.4 g/L,1.8 g/L,0.062 g/L,7.0 mg/L SO2,20.0 mg/L SO2,0.9941 g/cm³,pH 3.28,0.7 g/L,11.1% vol,Score: 5
1510,6.4 g/L,0.36 g/L,0.21 g/L,2.2 g/L,0.047 g/L,26.0 mg/L SO2,48.0 mg/L SO2,0.99661 g/cm³,pH 3.47,0.77 g/L,9.7% vol,Score: 6
1511,7.1 g/L,0.69 g/L,0.04 g/L,2.1 g/L,0.068 g/L,19.0 mg/L SO2,27.0 mg/L SO2,0.99712 g/cm³,pH 3.44,0.67 g/L,9.8% vol,Score: 5
1512,6.4 g/L,0.79 g/L,0.04 g/L,2.2 g/L,0.061 g/L,11.0 mg/L SO2,17.0 mg/L SO2,0.99588 g/cm³,pH 3.53,0.65 g/L,10.4% vol,Score: 6
1513,6.4 g/L,0.56 g/L,0.15 g/L,1.8 g/L,0.078 g/L,17.0 mg/L SO2,65.0 mg/L SO2,0.99294 g/cm³,pH 3.33,0.6 g/L,10.5% vol,Score: 6
1514,6.9 g/L,0.84 g/L,0.21 g/L,4.1 g/L,0.074 g/L,16.0 mg/L SO2,65.0 mg/L SO2,0.99842 g/cm³,pH 3.53,0.72 g/L,9.23333333333333% vol,Score: 6
1515,6.9 g/L,0.84 g/L,0.21 g/L,4.1 g/L,0.074 g/L,16.0 mg/L SO2,65.0 mg/L SO2,0.99842 g/cm³,pH 3.53,0.72 g/L,9.25% vol,Score: 6
1516,6.1 g/L,0.32 g/L,0.25 g/L,2.3 g/L,0.071 g/L,23.0 mg/L SO2,58.0 mg/L SO2,0.99633 g/cm³,pH 3.42,0.97 g/L,10.6% vol,Score: 5
1517,6.5 g/L,0.53 g/L,0.06 g/L,2.0 g/L,0.063 g/L,29.0 mg/L SO2,44.0 mg/L SO2,0.99489 g/cm³,pH 3.38,0.83 g/L,10.3% vol,Score: 6
1518,7.4 g/L,0.47 g/L,0.46 g/L,2.2 g/L,0.114 g/L,7.0 mg/L SO2,20.0 mg/L SO2,0.99647 g/cm³,pH 3.32,0.63 g/L,10.5% vol,Score: 5
1519,6.6 g/L,0.7 g/L,0.08 g/L,2.6 g/L,0.106 g/L,14.0 mg/L SO2,27.0 mg/L SO2,0.99665 g/cm³,pH 3.44,0.58 g/L,10.2% vol,Score: 5
1520,6.5 g/L,0.53 g/L,0.06 g/L,2.0 g/L,0.063 g/L,29.0 mg/L SO2,44.0 mg/L SO2,0.99489 g/cm³,pH 3.38,0.83 g/L,10.3% vol,Score: 6
1521,6.9 g/L,0.48 g/L,0.2 g/L,1.9 g/L,0.082 g/L,9.0 mg/L SO2,23.0 mg/L SO2,0.99585 g/cm³,pH 3.39,0.43 g/L,9.05% vol,Score: 4
1522,6.1 g/L,0.32 g/L,0.25 g/L,2.3 g/L,0.071 g/L,23.0 mg/L SO2,58.0 mg/L SO2,0.99633 g/cm³,pH 3.42,0.97 g/L,10.6% vol,Score: 5
1523,6.8 g/L,0.48 g/L,0.25 g/L,2.0 g/L,0.076 g/L,29.0 mg/L SO2,61.0 mg/L SO2,0.9953 g/cm³,pH 3.34,0.6 g/L,10.4% vol,Score: 5
1524,6.0 g/L,0.42 g/L,0.19 g/L,2.0 g/L,0.075 g/L,22.0 mg/L SO2,47.0 mg/L SO2,0.99522 g/cm³,pH 3.39,0.78 g/L,10.0% vol,Score: 6
1525,6.7 g/L,0.48 g/L,0.08 g/L,2.1 g/L,0.064 g/L,18.0 mg/L SO2,34.0 mg/L SO2,0.99552 g/cm³,pH 3.33,0.64 g/L,9.7% vol,Score: 5
1526,6.8 g/L,0.47 g/L,0.08 g/L,2.2 g/L,0.064 g/L,18.0 mg/L SO2,38.0 mg/L SO2,0.99553 g/cm³,pH 3.3,0.65 g/L,9.6% vol,Score: 6
1527,7.1 g/L,0.53 g/L,0.07 g/L,1.7 g/L,0.071 g/L,15.0 mg/L SO2,24.0 mg/L SO2,0.9951 g/cm³,pH 3.29,0.66 g/L,10.8% vol,Score: 6
1528,7.9 g/L,0.29 g/L,0.49 g/L,2.2 g/L,0.096 g/L,21.0 mg/L SO2,59.0 mg/L SO2,0.99714 g/cm³,pH 3.31,0.67 g/L,10.1% vol,Score: 6
1529,7.1 g/L,0.69 g/L,0.08 g/L,2.1 g/L,0.063 g/L,42.0 mg/L SO2,52.0 mg/L SO2,0.99608 g/cm³,pH 3.42,0.6 g/L,10.2% vol,Score: 6
1530,6.6 g/L,0.44 g/L,0.09 g/L,2.2 g/L,0.063 g/L,9.0 mg/L SO2,18.0 mg/L SO2,0.99444 g/cm³,pH 3.42,0.69 g/L,11.3% vol,Score: 6
1531,6.1 g/L,0.705 g/L,0.1 g/L,2.8 g/L,0.081 g/L,13.0 mg/L SO2,28.0 mg/L SO2,0.99631 g/cm³,pH 3.6,0.66 g/L,10.2% vol,Score: 5
1532,7.2 g/L,0.53 g/L,0.13 g/L,2.0 g/L,0.058 g/L,18.0 mg/L SO2,22.0 mg/L SO2,0.99573 g/cm³,pH 3.21,0.68 g/L,9.9% vol,Score: 6
1533,8.0 g/L,0.39 g/L,0.3 g/L,1.9 g/L,0.074 g/L,32.0 mg/L SO2,84.0 mg/L SO2,0.99717 g/cm³,pH 3.39,0.61 g/L,9.0% vol,Score: 5
1534,6.6 g/L,0.56 g/L,0.14 g/L,2.4 g/L,0.064 g/L,13.0 mg/L SO2,29.0 mg/L SO2,0.99397 g/cm³,pH 3.42,0.62 g/L,11.7% vol,Score: 7
1535,7.0 g/L,0.55 g/L,0.13 g/L,2.2 g/L,0.075 g/L,15.0 mg/L SO2,35.0 mg/L SO2,0.9959 g/cm³,pH 3.36,0.59 g/L,9.7% vol,Score: 6
1536,6.1 g/L,0.53 g/L,0.08 g/L,1.9 g/L,0.077 g/L,24.0 mg/L SO2,45.0 mg/L SO2,0.99528 g/cm³,pH 3.6,0.68 g/L,10.3% vol,Score: 6
1537,5.4 g/L,0.58 g/L,0.08 g/L,1.9 g/L,0.059 g/L,20.0 mg/L SO2,31.0 mg/L SO2,0.99484 g/cm³,pH 3.5,0.64 g/L,10.2% vol,Score: 6
1538,6.2 g/L,0.64 g/L,0.09 g/L,2.5 g/L,0.081 g/L,15.0 mg/L SO2,26.0 mg/L SO2,0.99538 g/cm³,pH 3.57,0.63 g/L,12.0% vol,Score: 5
1539,7.2 g/L,0.39 g/L,0.32 g/L,1.8 g/L,0.065 g/L,34.0 mg/L SO2,60.0 mg/L SO2,0.99714 g/cm³,pH 3.46,0.78 g/L,9.9% vol,Score: 5
1540,6.2 g/L,0.52 g/L,0.08 g/L,4.4 g/L,0.071 g/L,11.0 mg/L SO2,32.0 mg/L SO2,0.99646 g/cm³,pH 3.56,0.63 g/L,11.6% vol,Score: 6
1541,7.4 g/L,0.25 g/L,0.29 g/L,2.2 g/L,0.054 g/L,19.0 mg/L SO2,49.0 mg/L SO2,0.99666 g/cm³,pH 3.4,0.76 g/L,10.9% vol,Score: 7
1542,6.7 g/L,0.855 g/L,0.02 g/L,1.9 g/L,0.064 g/L,29.0 mg/L SO2,38.0 mg/L SO2,0.99472 g/cm³,pH 3.3,0.56 g/L,10.75% vol,Score: 6
1543,11.1 g/L,0.44 g/L,0.42 g/L,2.2 g/L,0.064 g/L,14.0 mg/L SO2,19.0 mg/L SO2,0.99758 g/cm³,pH 3.25,0.57 g/L,10.4% vol,Score: 6
1544,8.4 g/L,0.37 g/L,0.43 g/L,2.3 g/L,0.063 g/L,12.0 mg/L SO2,19.0 mg/L SO2,0.9955 g/cm³,pH 3.17,0.81 g/L,11.2% vol,Score: 7
1545,6.5 g/L,0.63 g/L,0.33 g/L,1.8 g/L,0.059 g/L,16.0 mg/L SO2,28.0 mg/L SO2,0.99531 g/cm³,pH 3.36,0.64 g/L,10.1% vol,Score: 6
1546,7.0 g/L,0.57 g/L,0.02 g/L,2.0 g/L,0.072 g/L,17.0 mg/L SO2,26.0 mg/L SO2,0.99575 g/cm³,pH 3.36,0.61 g/L,10.2% vol,Score: 5
1547,6.3 g/L,0.6 g/L,0.1 g/L,1.6 g/L,0.048 g/L,12.0 mg/L SO2,26.0 mg/L SO2,0.99306 g/cm³,pH 3.55,0.51 g/L,12.1% vol,Score: 5
1548,11.2 g/L,0.4 g/L,0.5 g/L,2.0 g/L,0.099 g/L,19.0 mg/L SO2,50.0 mg/L SO2,0.99783 g/cm³,pH 3.1,0.58 g/L,10.4% vol,Score: 5
1549,7.4 g/L,0.36 g/L,0.3 g/L,1.8 g/L,0.074 g/L,17.0 mg/L SO2,24.0 mg/L SO2,0.99419 g/cm³,pH 3.24,0.7 g/L,11.4% vol,Score: 8
1550,7.1 g/L,0.68 g/L,0.0 g/L,2.3 g/L,0.087 g/L,17.0 mg/L SO2,26.0 mg/L SO2,0.99783 g/cm³,pH 3.45,0.53 g/L,9.5% vol,Score: 5
1551,7.1 g/L,0.67 g/L,0.0 g/L,2.3 g/L,0.083 g/L,18.0 mg/L SO2,27.0 mg/L SO2,0.99768 g/cm³,pH 3.44,0.54 g/L,9.4% vol,Score: 5
1552,6.3 g/L,0.68 g/L,0.01 g/L,3.7 g/L,0.103 g/L,32.0 mg/L SO2,54.0 mg/L SO2,0.99586 g/cm³,pH 3.51,0.66 g/L,11.3% vol,Score: 6
1553,7.3 g/L,0.735 g/L,0.0 g/L,2.2 g/L,0.08 g/L,18.0 mg/L SO2,28.0 mg/L SO2,0.99765 g/cm³,pH 3.41,0.6 g/L,9.4% vol,Score: 5
1554,6.6 g/L,0.855 g/L,0.02 g/L,2.4 g/L,0.062 g/L,15.0 mg/L SO2,23.0 mg/L SO2,0.99627 g/cm³,pH 3.54,0.6 g/L,11.0% vol,Score: 6
1555,7.0 g/L,0.56 g/L,0.17 g/L,1.7 g/L,0.065 g/L,15.0 mg/L SO2,24.0 mg/L SO2,0.99514 g/cm³,pH 3.44,0.68 g/L,10.55% vol,Score: 7
1556,6.6 g/L,0.88 g/L,0.04 g/L,2.2 g/L,0.066 g/L,12.0 mg/L SO2,20.0 mg/L SO2,0.99636 g/cm³,pH 3.53,0.56 g/L,9.9% vol,Score: 5
1557,6.6 g/L,0.855 g/L,0.02 g/L,2.4 g/L,0.062 g/L,15.0 mg/L SO2,23.0 mg/L SO2,0.99627 g/cm³,pH 3.54,0.6 g/L,11.0% vol,Score: 6
1558,6.9 g/L,0.63 g/L,0.33 g/L,6.7 g/L,0.235 g/L,66.0 mg/L SO2,115.0 mg/L SO2,0.99787 g/cm³,pH 3.22,0.56 g/L,9.5% vol,Score: 5
1559,7.8 g/L,0.6 g/L,0.26 g/L,2.0 g/L,0.08 g/L,31.0 mg/L SO2,131.0 mg/L SO2,0.99622 g/cm³,pH 3.21,0.52 g/L,9.9% vol,Score: 5
1560,7.8 g/L,0.6 g/L,0.26 g/L,2.0 g/L,0.08 g/L,31.0 mg/L SO2,131.0 mg/L SO2,0.99622 g/cm³,pH 3.21,0.52 g/L,9.9% vol,Score: 5
1561,7.8 g/L,0.6 g/L,0.26 g/L,2.0 g/L,0.08 g/L,31.0 mg/L SO2,131.0 mg/L SO2,0.99622 g/cm³,pH 3.21,0.52 g/L,9.9% vol,Score: 5
1562,7.2 g/L,0.695 g/L,0.13 g/L,2.0 g/L,0.076 g/L,12.0 mg/L SO2,20.0 mg/L SO2,0.99546 g/cm³,pH 3.29,0.54 g/L,10.1% vol,Score: 5
1563,7.2 g/L,0.695 g/L,0.13 g/L,2.0 g/L,0.076 g/L,12.0 mg/L SO2,20.0 mg/L SO2,0.99546 g/cm³,pH 3.29,0.54 g/L,10.1% vol,Score: 5
1564,7.2 g/L,0.695 g/L,0.13 g/L,2.0 g/L,0.076 g/L,12.0 mg/L SO2,20.0 mg/L SO2,0.99546 g/cm³,pH 3.29,0.54 g/L,10.1% vol,Score: 5
1565,6.7 g/L,0.67 g/L,0.02 g/L,1.9 g/L,0.061 g/L,26.0 mg/L SO2,42.0 mg/L SO2,0.99489 g/cm³,pH 3.39,0.82 g/L,10.9% vol,Score: 6
1566,6.7 g/L,0.16 g/L,0.64 g/L,2.1 g/L,0.059 g/L,24.0 mg/L SO2,52.0 mg/L SO2,0.99494 g/cm³,pH 3.34,0.71 g/L,11.2% vol,Score: 6
1567,7.2 g/L,0.695 g/L,0.13 g/L,2.0 g/L,0.076 g/L,12.0 mg/L SO2,20.0 mg/L SO2,0.99546 g/cm³,pH 3.29,0.54 g/L,10.1% vol,Score: 5
1568,7.0 g/L,0.56 g/L,0.13 g/L,1.6 g/L,0.077 g/L,25.0 mg/L SO2,42.0 mg/L SO2,0.99629 g/cm³,pH 3.34,0.59 g/L,9.2% vol,Score: 5
1569,6.2 g/L,0.51 g/L,0.14 g/L,1.9 g/L,0.056 g/L,15.0 mg/L SO2,34.0 mg/L SO2,0.99396 g/cm³,pH 3.48,0.57 g/L,11.5% vol,Score: 6
1570,6.4 g/L,0.36 g/L,0.53 g/L,2.2 g/L,0.23 g/L,19.0 mg/L SO2,35.0 mg/L SO2,0.9934 g/cm³,pH 3.37,0.93 g/L,12.4% vol,Score: 6
1571,6.4 g/L,0.38 g/L,0.14 g/L,2.2 g/L,0.038 g/L,15.0 mg/L SO2,25.0 mg/L SO2,0.99514 g/cm³,pH 3.44,0.65 g/L,11.1% vol,Score: 6
1572,7.3 g/L,0.69 g/L,0.32 g/L,2.2 g/L,0.069 g/L,35.0 mg/L SO2,104.0 mg/L SO2,0.99632 g/cm³,pH 3.33,0.51 g/L,9.5% vol,Score: 5
1573,6.0 g/L,0.58 g/L,0.2 g/L,2.4 g/L,0.075 g/L,15.0 mg/L SO2,50.0 mg/L SO2,0.99467 g/cm³,pH 3.58,0.67 g/L,12.5% vol,Score: 6
1574,5.6 g/L,0.31 g/L,0.78 g/L,13.9 g/L,0.074 g/L,23.0 mg/L SO2,92.0 mg/L SO2,0.99677 g/cm³,pH 3.39,0.48 g/L,10.5% vol,Score: 6
1575,7.5 g/L,0.52 g/L,0.4 g/L,2.2 g/L,0.06 g/L,12.0 mg/L SO2,20.0 mg/L SO2,0.99474 g/cm³,pH 3.26,0.64 g/L,11.8% vol,Score: 6
1576,8.0 g/L,0.3 g/L,0.63 g/L,1.6 g/L,0.081 g/L,16.0 mg/L SO2,29.0 mg/L SO2,0.99588 g/cm³,pH 3.3,0.78 g/L,10.8% vol,Score: 6
1577,6.2 g/L,0.7 g/L,0.15 g/L,5.1 g/L,0.076 g/L,13.0 mg/L SO2,27.0 mg/L SO2,0.99622 g/cm³,pH 3.54,0.6 g/L,11.9% vol,Score: 6
1578,6.8 g/L,0.67 g/L,0.15 g/L,1.8 g/L,0.118 g/L,13.0 mg/L SO2,20.0 mg/L SO2,0.9954 g/cm³,pH 3.42,0.67 g/L,11.3% vol,Score: 6
1579,6.2 g/L,0.56 g/L,0.09 g/L,1.7 g/L,0.053 g/L,24.0 mg/L SO2,32.0 mg/L SO2,0.99402 g/cm³,pH 3.54,0.6 g/L,11.3% vol,Score: 5
1580,7.4 g/L,0.35 g/L,0.33 g/L,2.4 g/L,0.068 g/L,9.0 mg/L SO2,26.0 mg/L SO2,0.9947 g/cm³,pH 3.36,0.6 g/L,11.9% vol,Score: 6
1581,6.2 g/L,0.56 g/L,0.09 g/L,1.7 g/L,0.053 g/L,24.0 mg/L SO2,32.0 mg/L SO2,0.99402 g/cm³,pH 3.54,0.6 g/L,11.3% vol,Score: 5
1582,6.1 g/L,0.715 g/L,0.1 g/L,2.6 g/L,0.053 g/L,13.0 mg/L SO2,27.0 mg/L SO2,0.99362 g/cm³,pH 3.57,0.5 g/L,11.9% vol,Score: 5
1583,6.2 g/L,0.46 g/L,0.29 g/L,2.1 g/L,0.074 g/L,32.0 mg/L SO2,98.0 mg/L SO2,0.99578 g/cm³,pH 3.33,0.62 g/L,9.8% vol,Score: 5
1584,6.7 g/L,0.32 g/L,0.44 g/L,2.4 g/L,0.061 g/L,24.0 mg/L SO2,34.0 mg/L SO2,0.99484 g/cm³,pH 3.29,0.8 g/L,11.6% vol,Score: 7
1585,7.2 g/L,0.39 g/L,0.44 g/L,2.6 g/L,0.066 g/L,22.0 mg/L SO2,48.0 mg/L SO2,0.99494 g/cm³,pH 3.3,0.84 g/L,11.5% vol,Score: 6
1586,7.5 g/L,0.31 g/L,0.41 g/L,2.4 g/L,0.065 g/L,34.0 mg/L SO2,60.0 mg/L SO2,0.99492 g/cm³,pH 3.34,0.85 g/L,11.4% vol,Score: 6
1587,5.8 g/L,0.61 g/L,0.11 g/L,1.8 g/L,0.066 g/L,18.0 mg/L SO2,28.0 mg/L SO2,0.99483 g/cm³,pH 3.55,0.66 g/L,10.9% vol,Score: 6
1588,7.2 g/L,0.66 g/L,0.33 g/L,2.5 g/L,0.068 g/L,34.0 mg/L SO2,102.0 mg/L SO2,0.99414 g/cm³,pH 3.27,0.78 g/L,12.8% vol,Score: 6
1589,6.6 g/L,0.725 g/L,0.2 g/L,7.8 g/L,0.073 g/L,29.0 mg/L SO2,79.0 mg/L SO2,0.9977 g/cm³,pH 3.29,0.54 g/L,9.2% vol,Score: 5
1590,6.3 g/L,0.55 g/L,0.15 g/L,1.8 g/L,0.077 g/L,26.0 mg/L SO2,35.0 mg/L SO2,0.99314 g/cm³,pH 3.32,0.82 g/L,11.6% vol,Score: 6
1591,5.4 g/L,0.74 g/L,0.09 g/L,1.7 g/L,0.089 g/L,16.0 mg/L SO2,26.0 mg/L SO2,0.99402 g/cm³,pH 3.67,0.56 g/L,11.6% vol,Score: 6
1592,6.3 g/L,0.51 g/L,0.13 g/L,2.3 g/L,0.076 g/L,29.0 mg/L SO2,40.0 mg/L SO2,0.99574 g/cm³,pH 3.42,0.75 g/L,11.0% vol,Score: 6
1593,6.8 g/L,0.62 g/L,0.08 g/L,1.9 g/L,0.068 g/L,28.0 mg/L SO2,38.0 mg/L SO2,0.99651 g/cm³,pH 3.42,0.82 g/L,9.5% vol,Score: 6
1594,6.2 g/L,0.6 g/L,0.08 g/L,2.0 g/L,0.09 g/L,32.0 mg/L SO2,44.0 mg/L SO2,0.9949 g/cm³,pH 3.45,0.58 g/L,10.5% vol,Score: 5
1595,5.9 g/L,0.55 g/L,0.1 g/L,2.2 g/L,0.062 g/L,39.0 mg/L SO2,51.0 mg/L SO2,0.99512 g/cm³,pH 3.52,0.76 g/L,11.2% vol,Score: 6
1596,6.3 g/L,0.51 g/L,0.13 g/L,2.3 g/L,0.076 g/L,29.0 mg/L SO2,40.0 mg/L SO2,0.99574 g/cm³,pH 3.42,0.75 g/L,11.0% vol,Score: 6
1597,5.9 g/L,0.645 g/L,0.12 g/L,2.0 g/L,0.075 g/L,32.0 mg/L SO2,44.0 mg/L SO2,0.99547 g/cm³,pH 3.57,0.71 g/L,10.2% vol,Score: 5
1598,6.0 g/L,0.31 g/L,0.47 g/L,3.6 g/L,0.067 g/L,18.0 mg/L SO2,42.0 mg/L SO2,0.99549 g/cm³,pH 3.39,0.66 g/L,11.0% vol,Score: 6
